broker_id,broker_group,branch_name,city,broker_name,source,note,broker_org_type,seat_type,is_proprietary,id_quality,broker_category_ids
075T,第一銀行,總部,台北市,第一銀行,finmind,,local,hq,N,official,"BR01,SE01,ID01"
087T,臺灣銀行,總部,台北市,臺灣銀行,finmind,,local,hq,N,official,"BR01,SE01,ID01"
1020,合庫,總部,台北市,合庫,finmind,,local,hq,N,official,"BR01,SE01,ID01"
1021,合庫,台中,台中市,合庫-台中,finmind,,local,branch,N,official,"BR01,SE02,ID01"
1022,合庫,台南,台南市,合庫-台南,finmind,,local,branch,N,official,"BR01,SE02,ID01"
1023,合庫,高雄,高雄市,合庫-高雄,finmind,,local,branch,N,official,"BR01,SE02,ID01"
1024,合庫,嘉義,嘉義市,合庫-嘉義,finmind,,local,branch,N,official,"BR01,SE02,ID01"
1025,合庫,基隆,基隆市,合庫-基隆,finmind,,local,branch,N,official,"BR01,SE02,ID01"
1028,合庫,彰化,彰化縣,合庫-彰化,finmind,,local,branch,N,official,"BR01,SE02,ID01"
1029,合庫,鳳山,高雄市,合庫-鳳山,finmind,,local,branch,N,official,"BR01,SE02,ID01"
102A,合庫,新竹,新竹市,合庫-新竹,finmind,,local,branch,N,official,"BR01,SE02,ID01"
102C,合庫,自強,台北市,合庫-自強,finmind,,local,branch,N,official,"BR01,SE02,ID01"
102E,合庫,桃園,桃園市,合庫-桃園,finmind,,local,branch,N,official,"BR01,SE02,ID01"
102F,合庫,西台中,台中市,合庫-西台中,finmind,,local,branch,N,official,"BR01,SE02,ID01"
102G,合庫,三重,新北市,合庫-三重,finmind,,local,branch,N,official,"BR01,SE02,ID01"
102Q,合庫,國際證券,台北市,合庫-國際證券,finmind,,local,branch,N,official,"BR01,SE02,ID01"
102T,合庫自營,總部,台北市,合庫自營,finmind,,local,hq,Y,official,"BR01,SE01,SE04,ID01"
1030,土銀,總部,台北市,土銀,finmind,,local,hq,N,official,"BR01,SE01,ID01"
1031,土銀,台中,台中市,土銀-台中,finmind,,local,branch,N,official,"BR01,SE02,ID01"
1032,土銀,台南,台南市,土銀-台南,finmind,,local,branch,N,official,"BR01,SE02,ID01"
1033,土銀,高雄,高雄市,土銀-高雄,finmind,,local,branch,N,official,"BR01,SE02,ID01"
1034,土銀,嘉義,嘉義市,土銀-嘉義,finmind,,local,branch,N,official,"BR01,SE02,ID01"
1035,土銀,新竹,新竹市,土銀-新竹,finmind,,local,branch,N,official,"BR01,SE02,ID01"
1036,土銀,玉里,花蓮縣,土銀-玉里,finmind,,local,branch,N,official,"BR01,SE02,ID01"
1037,土銀,花蓮,花蓮縣,土銀-花蓮,finmind,,local,branch,N,official,"BR01,SE02,ID01"
1038,土銀,和平,台北市,土銀-和平,finmind,,local,branch,N,official,"BR01,SE02,ID01"
1039,土銀,士林,台北市,土銀-士林,finmind,,local,branch,N,official,"BR01,SE02,ID01"
103A,土銀,建國,高雄市,土銀-建國,finmind,,local,branch,N,official,"BR01,SE02,ID01"
103B,土銀,彰化,彰化市,土銀-彰化,finmind,,local,branch,N,official,"BR01,SE02,ID01"
103C,土銀,白河,台南市,土銀-白河,finmind,,local,branch,N,official,"BR01,SE02,ID01"
103F,土銀,南港,台北市,土銀-南港,finmind,,local,branch,N,official,"BR01,SE02,ID01"
1040,臺銀證券,總部,台北市,臺銀證券,finmind,,local,hq,N,official,"BR01,SE01,ID01"
1041,臺銀,鳳山,鳳山市,臺銀-鳳山,finmind,,local,branch,N,official,"BR01,SE02,ID01"
1042,臺銀,臺南,台南市,臺銀-臺南,finmind,,local,branch,N,official,"BR01,SE02,ID01"
1043,臺銀,民權,台北市,臺銀-民權,finmind,,local,branch,N,official,"BR01,SE02,ID01"
1045,臺銀,新竹,新竹市,臺銀-新竹,finmind,,local,branch,N,official,"BR01,SE02,ID01"
104A,臺銀,臺中,台中市,臺銀-臺中,finmind,,local,branch,N,official,"BR01,SE02,ID01"
104C,臺銀,高雄,高雄市,臺銀-高雄,finmind,,local,branch,N,official,"BR01,SE02,ID01"
104D,臺銀,金山,台北市,臺銀-金山,finmind,,local,branch,N,official,"BR01,SE02,ID01"
104T,臺銀自營,總部,台北市,臺銀自營,finmind,,local,hq,Y,official,"BR01,SE01,SE04,ID01"
1110,台灣企銀,總部,台北市,台灣企銀,finmind,,local,hq,N,official,"BR01,SE01,ID01"
1111,台灣企銀,台中,台中市,台灣企銀-台中,finmind,,local,branch,N,official,"BR01,SE02,ID01"
1112,台灣企銀,台南,台南市,台灣企銀-台南,finmind,,local,branch,N,official,"BR01,SE02,ID01"
1113,台灣企銀,九如,高雄市,台灣企銀-九如,finmind,,local,branch,N,official,"BR01,SE02,ID01"
1114,台灣企銀,嘉義,嘉義市,台灣企銀-嘉義,finmind,,local,branch,N,official,"BR01,SE02,ID01"
1115,台灣企銀,太平,台中市,台灣企銀-太平,finmind,,local,branch,N,official,"BR01,SE02,ID01"
1116,台灣企銀,屏東,屏東市,台灣企銀-屏東,finmind,,local,branch,N,official,"BR01,SE02,ID01"
1117,台灣企銀,竹北,新竹縣,台灣企銀-竹北,finmind,,local,branch,N,official,"BR01,SE02,ID01"
1118,台灣企銀,豐原,台中市,台灣企銀-豐原,finmind,,local,branch,N,official,"BR01,SE02,ID01"
1119,台灣企銀,岡山,高雄市,台灣企銀-岡山,finmind,,local,branch,N,official,"BR01,SE02,ID01"
111A,台灣企銀,民雄,嘉義縣,台灣企銀-民雄,finmind,,local,branch,N,official,"BR01,SE02,ID01"
111B,台灣企銀,建成,台北市,台灣企銀-建成,finmind,,local,branch,N,official,"BR01,SE02,ID01"
111C,台灣企銀,三民,高雄市,台灣企銀-三民,finmind,,local,branch,N,official,"BR01,SE02,ID01"
111E,臺灣企銀,桃園,桃園市,臺灣企銀-桃園,finmind,,local,branch,N,official,"BR01,SE02,ID01"
111F,台灣企銀,北高雄,高雄市,台灣企銀-北高雄,finmind,,local,branch,N,official,"BR01,SE02,ID01"
111G,臺灣企銀,埔墘,新北市,臺灣企銀-埔墘,finmind,,local,branch,N,official,"BR01,SE02,ID01"
1160,日盛,總部,台北市,日盛,finmind,,local,hq,N,official,"BR01,SE01,ID01"
1161,日盛,忠孝,台北市,日盛-忠孝,finmind,,local,branch,N,official,"BR01,SE02,ID01"
1162,日盛,台南,台南市,日盛-台南,finmind,,local,branch,N,official,"BR01,SE02,ID01"
1163,日盛,台中,台中市,日盛-台中,finmind,,local,branch,N,official,"BR01,SE02,ID01"
1164,日盛,內湖,台北市,日盛-內湖,finmind,,local,branch,N,official,"BR01,SE02,ID01"
1165,日盛,板橋,新北市,日盛-板橋,finmind,,local,branch,N,official,"BR01,SE02,ID01"
1166,日盛,雙和,新北市,日盛-雙和,finmind,,local,branch,N,official,"BR01,SE02,ID01"
1167,日盛,嘉義,嘉義市,日盛-嘉義,finmind,,local,branch,N,official,"BR01,SE02,ID01"
1168,日盛,高雄,高雄市,日盛-高雄,finmind,,local,branch,N,official,"BR01,SE02,ID01"
1169,日盛,士林,台北市,日盛-士林,finmind,,local,branch,N,official,"BR01,SE02,ID01"
116A,日盛,木柵,台北市,日盛-木柵,finmind,,local,branch,N,official,"BR01,SE02,ID01"
116B,日盛,中壢,桃園市,日盛-中壢,finmind,,local,branch,N,official,"BR01,SE02,ID01"
116C,日盛,八德,桃園市,日盛-八德,finmind,,local,branch,N,official,"BR01,SE02,ID01"
116E,日盛,三重,新北市,日盛-三重,finmind,,local,branch,N,official,"BR01,SE02,ID01"
116F,日盛,員林,彰化縣,日盛-員林,finmind,,local,branch,N,official,"BR01,SE02,ID01"
116G,日盛,景美,台北市,日盛-景美,finmind,,local,branch,N,official,"BR01,SE02,ID01"
116H,日盛,新竹,新竹市,日盛-新竹,finmind,,local,branch,N,official,"BR01,SE02,ID01"
116J,日盛,板橋中山,新北市,日盛-板橋中山,finmind,,local,branch,N,official,"BR01,SE02,ID01"
116K,日盛,花蓮,花蓮市,日盛-花蓮,finmind,,local,branch,N,official,"BR01,SE02,ID01"
116L,日盛,大墩,台中市,日盛-大墩,finmind,,local,branch,N,official,"BR01,SE02,ID01"
116M,日盛,屏東,屏東市,日盛-屏東,finmind,,local,branch,N,official,"BR01,SE02,ID01"
116N,日盛,永康,台南市,日盛-永康,finmind,,local,branch,N,official,"BR01,SE02,ID01"
116P,日盛,信義,台北市,日盛-信義,finmind,,local,branch,N,official,"BR01,SE02,ID01"
116Q,日盛,二林,彰化縣,日盛-二林,finmind,,local,branch,N,official,"BR01,SE02,ID01"
116S,日盛,新莊,新北市,日盛-新莊,finmind,,local,branch,N,official,"BR01,SE02,ID01"
116U,日盛,桃園,桃園市,日盛-桃園,finmind,,local,branch,N,official,"BR01,SE02,ID01"
116V,日盛,斗六,雲林縣,日盛-斗六,finmind,,local,branch,N,official,"BR01,SE02,ID01"
116W,日盛,鳳山,高雄市,日盛-鳳山,finmind,,local,branch,N,official,"BR01,SE02,ID01"
116X,日盛,宜蘭,宜蘭縣,日盛-宜蘭,finmind,,local,branch,N,official,"BR01,SE02,ID01"
116Z,日盛,中和,台北縣,日盛-中和,finmind,,local,branch,N,official,"BR01,SE02,ID01"
116b,日盛,園區,新竹市,日盛-園區,finmind,,local,branch,N,official,"BR01,SE02,ID01"
116c,日盛,豐原,台中市,日盛-豐原,finmind,,local,branch,N,official,"BR01,SE02,ID01"
116d,日盛,三峽,新北市,日盛-三峽,finmind,,local,branch,N,official,"BR01,SE02,ID01"
116e,日盛,竹北,新竹縣,日盛-竹北,finmind,,local,branch,N,official,"BR01,SE02,ID01"
116f,日盛,復興,台北市,日盛-復興,finmind,,local,branch,N,official,"BR01,SE02,ID01"
116g,日盛,龍潭,桃園市,日盛-龍潭,finmind,,local,branch,N,official,"BR01,SE02,ID01"
116i,日盛,樹林,新北市,日盛-樹林,finmind,,local,branch,N,official,"BR01,SE02,ID01"
116j,日盛,頭份,苗栗縣,日盛-頭份,finmind,,local,branch,N,official,"BR01,SE02,ID01"
116k,日盛,北高雄,高雄市,日盛-北高雄,finmind,,local,branch,N,official,"BR01,SE02,ID01"
116m,日盛,和美,彰化縣,日盛-和美,finmind,,local,branch,N,official,"BR01,SE02,ID01"
116r,日盛,文化,新北市,日盛-文化,finmind,,local,branch,N,official,"BR01,SE02,ID01"
116s,日盛,土城,新北市,日盛-土城,finmind,,local,branch,N,official,"BR01,SE02,ID01"
1230,彰銀,總部,台北市,彰銀,finmind,,local,hq,N,official,"BR01,SE01,ID01"
1232,彰銀,七賢,高雄市,彰銀-七賢,finmind,,local,branch,N,official,"BR01,SE02,ID01"
1233,彰銀,台中,台中市,彰銀-台中,finmind,,local,branch,N,official,"BR01,SE02,ID01"
1260,宏遠,總部,台北市,宏遠,finmind,,local,hq,N,official,"BR01,SE01,ID01"
1261,宏遠,民生,台北市,宏遠-民生,finmind,,local,branch,N,official,"BR01,SE02,ID01"
1262,宏遠,桃園,桃園市,宏遠-桃園,finmind,,local,branch,N,official,"BR01,SE02,ID01"
126D,宏遠,台南,台南市,宏遠-台南,finmind,,local,branch,N,official,"BR01,SE02,ID01"
126H,宏遠,中和,新北市,宏遠-中和,finmind,,local,branch,N,official,"BR01,SE02,ID01"
126L,宏遠,台中,台中市,宏遠-台中,finmind,,local,branch,N,official,"BR01,SE02,ID01"
126Q,宏遠,高雄,高雄市,宏遠-高雄,finmind,,local,branch,N,official,"BR01,SE02,ID01"
126T,宏遠自營,總部,台北市,宏遠自營,finmind,,local,hq,Y,official,"BR01,SE01,SE04,ID01"
126U,宏遠,館前,台北市,宏遠-館前,finmind,,local,branch,N,official,"BR01,SE02,ID01"
126X,宏遠,新化,台南市,宏遠-新化,finmind,,local,branch,N,official,"BR01,SE02,ID01"
126i,宏遠,光隆,花蓮縣,宏遠-光隆,finmind,,local,branch,N,official,"BR01,SE02,ID01"
1360,港商麥格理,總部,台北市,港商麥格理,finmind,,foreign,hq,N,official,"BR02,SE01,ID01"
1380,台灣匯立,總部,台北市,台灣匯立,finmind,,local,hq,N,official,"BR01,SE01,ID01"
1440,美林,總部,台北市,美林,finmind,,foreign,hq,N,official,"BR02,SE01,ID01"
1470,台灣摩根士丹利,總部,台北市,台灣摩根士丹利,finmind,,foreign,hq,N,official,"BR02,SE01,ID01"
1480,美商高盛,總部,台北市,美商高盛,finmind,,foreign,hq,N,official,"BR02,SE01,ID01"
1520,瑞士信貸,總部,台北市,瑞士信貸,finmind,,foreign,hq,N,official,"BR02,SE01,ID01"
1560,港商野村,總部,台北市,港商野村,finmind,,foreign,hq,N,official,"BR02,SE01,ID01"
1570,港商法國興業,總部,台北市,港商法國興業,finmind,,foreign,hq,N,official,"BR02,SE01,ID01"
1590,花旗環球,總部,台北市,花旗環球,finmind,,foreign,hq,N,official,"BR02,SE01,ID01"
1650,新加坡商瑞銀,總部,台北市,新加坡商瑞銀,finmind,,foreign,hq,N,official,"BR02,SE01,ID01"
2180,亞東,總部,台北市,亞東,finmind,,local,hq,N,official,"BR01,SE01,ID01"
2181,亞東,板橋,台北縣,亞東-板橋,finmind,,local,branch,N,official,"BR01,SE02,ID01"
2184,亞東,新竹,新竹市,亞東-新竹,finmind,,local,branch,N,official,"BR01,SE02,ID01"
2185,亞東,台南,台南市,亞東-台南,finmind,,local,branch,N,official,"BR01,SE02,ID01"
2186,亞東,高雄,高雄市,亞東-高雄,finmind,,local,branch,N,official,"BR01,SE02,ID01"
2187,亞東,台中,台中市,亞東-台中,finmind,,local,branch,N,official,"BR01,SE02,ID01"
218A,亞東,國際證券,新北市,亞東-國際證券,finmind,,local,branch,N,official,"BR01,SE02,ID01"
2200,元大期貨,總部,台北市,元大期貨,finmind,,local,hq,N,official,"BR01,SE01,ID01"
2210,群益期貨,總部,台北市,群益期貨,finmind,,local,hq,N,official,"BR01,SE01,ID01"
5050,大展,總部,台北市,大展,finmind,,local,hq,N,official,"BR01,SE01,ID01"
5058,大展,台南,台南市,大展-台南,finmind,,local,branch,N,official,"BR01,SE02,ID01"
505T,大展自營,總部,台北市,大展自營,finmind,,local,hq,Y,official,"BR01,SE01,SE04,ID01"
5110,富隆,總部,台北市,富隆,finmind,,local,hq,N,official,"BR01,SE01,ID01"
5260,美好,總部,台北市,美好,finmind,,local,hq,N,official,"BR01,SE01,ID01"
5261,美好,蘆洲,新北市,美好-蘆洲,finmind,,local,branch,N,official,"BR01,SE02,ID01"
5262,美好,楊梅,桃園市,美好-楊梅,finmind,,local,branch,N,official,"BR01,SE02,ID01"
5263,美好,泰山,新北市,美好-泰山,finmind,,local,branch,N,official,"BR01,SE02,ID01"
5264,美好,高雄,高雄市,美好-高雄,finmind,,local,branch,N,official,"BR01,SE02,ID01"
5265,美好,苗栗,苗栗縣,美好-苗栗,finmind,,local,branch,N,official,"BR01,SE02,ID01"
5266,美好,中壢,桃園市,美好-中壢,finmind,,local,branch,N,official,"BR01,SE02,ID01"
5267,美好,基隆,基隆市,美好-基隆,finmind,,local,branch,N,official,"BR01,SE02,ID01"
5268,美好,台南,台南市,美好-台南,finmind,,local,branch,N,official,"BR01,SE02,ID01"
5269,美好,台中,台中市,美好-台中,finmind,,local,branch,N,official,"BR01,SE02,ID01"
526A,美好,中和,新北市,美好-中和,finmind,,local,branch,N,official,"BR01,SE02,ID01"
526K,美好,富順,新北市,美好-富順,finmind,,local,branch,N,official,"BR01,SE02,ID01"
526M,美好,市政,台中市,美好-市政,finmind,,local,branch,N,official,"BR01,SE02,ID01"
5320,高橋,總部,桃園市,高橋,finmind,,local,hq,N,official,"BR01,SE01,ID01"
5321,高橋,龍潭,桃園市,高橋-龍潭,finmind,,local,branch,N,official,"BR01,SE02,ID01"
5322,高橋,中壢,桃園市,高橋-中壢,finmind,,local,branch,N,official,"BR01,SE02,ID01"
5323,高橋,內壢,桃園市,高橋-內壢,finmind,,local,branch,N,official,"BR01,SE02,ID01"
5380,第一金,總部,台北市,第一金,finmind,,local,hq,N,official,"BR01,SE01,ID01"
5381,第一金,員林,彰化縣,第一金-員林,finmind,,local,branch,N,official,"BR01,SE02,ID01"
5382,第一金,台中,台中市,第一金-台中,finmind,,local,branch,N,official,"BR01,SE02,ID01"
5383,第一金,高雄,高雄市,第一金-高雄,finmind,,local,branch,N,official,"BR01,SE02,ID01"
5384,第一金,台南,台南市,第一金-台南,finmind,,local,branch,N,official,"BR01,SE02,ID01"
5385,第一金,桃園,桃園市,第一金-桃園,finmind,,local,branch,N,official,"BR01,SE02,ID01"
5386,第一金,彰化,彰化縣,第一金-彰化,finmind,,local,branch,N,official,"BR01,SE02,ID01"
5387,第一金,澎湖,澎湖縣,第一金-澎湖,finmind,,local,branch,N,official,"BR01,SE02,ID01"
5389,第一金,中山,台北市,第一金-中山,finmind,,local,branch,N,official,"BR01,SE02,ID01"
538A,第一金,新興,高雄市,第一金-新興,finmind,,local,branch,N,official,"BR01,SE02,ID01"
538B,第一金,新竹,新竹市,第一金-新竹,finmind,,local,branch,N,official,"BR01,SE02,ID01"
538C,第一金,光復,台北市,第一金-光復,finmind,,local,branch,N,official,"BR01,SE02,ID01"
538D,第一金,忠孝,台北市,第一金-忠孝,finmind,,local,branch,N,official,"BR01,SE02,ID01"
538E,第一金,自由,台中市,第一金-自由,finmind,,local,branch,N,official,"BR01,SE02,ID01"
538F,第一金,大稻埕,台北市,第一金-大稻埕,finmind,,local,branch,N,official,"BR01,SE02,ID01"
538I,第一金,頭份,苗栗縣,第一金-頭份,finmind,,local,branch,N,official,"BR01,SE02,ID01"
538M,第一金,嘉義,嘉義市,第一金-嘉義,finmind,,local,branch,N,official,"BR01,SE02,ID01"
538N,第一金,豐原,台中市,第一金-豐原,finmind,,local,branch,N,official,"BR01,SE02,ID01"
538P,第一金,路竹,高雄市,第一金-路竹,finmind,,local,branch,N,official,"BR01,SE02,ID01"
538T,第一金自營,總部,台北市,第一金自營,finmind,,local,hq,Y,official,"BR01,SE01,SE04,ID01"
538W,第一金,華江,新北市,第一金-華江,finmind,,local,branch,N,official,"BR01,SE02,ID01"
538Y,第一金,中壢,桃園市,第一金-中壢,finmind,,local,branch,N,official,"BR01,SE02,ID01"
538a,第一金,國際證券,台北市,第一金-國際證券,finmind,,local,branch,N,official,"BR01,SE02,ID01"
538j,第一金,安和,台北市,第一金-安和,finmind,,local,branch,N,official,"BR01,SE02,ID01"
5460,寶盛,總部,台中市,寶盛,finmind,,local,hq,N,official,"BR01,SE01,ID01"
5600,永興,總部,台北市,永興,finmind,,local,hq,N,official,"BR01,SE01,ID01"
5602,永興,水湳,台中市,永興-水湳,finmind,,local,branch,N,official,"BR01,SE02,ID01"
5603,永興,台中,台中市,永興-台中,finmind,,local,branch,N,official,"BR01,SE02,ID01"
5604,永興,大墩,台中市,永興-大墩,finmind,,local,branch,N,official,"BR01,SE02,ID01"
5660,日進,總部,苗栗縣,日進,finmind,,local,hq,N,official,"BR01,SE01,ID01"
5850,統一,總部,台北市,統一,finmind,,local,hq,N,official,"BR01,SE01,ID01"
5851,統一,高雄,高雄市,統一-高雄,finmind,,local,branch,N,official,"BR01,SE02,ID01"
5852,統一,敦南,台北市,統一-敦南,finmind,,local,branch,N,official,"BR01,SE02,ID01"
5853,統一,中壢,桃園市,統一-中壢,finmind,,local,branch,N,official,"BR01,SE02,ID01"
5854,統一,城中,台北市,統一-城中,finmind,,local,branch,N,official,"BR01,SE02,ID01"
5855,統一,台南,台南市,統一-台南,finmind,,local,branch,N,official,"BR01,SE02,ID01"
5856,統一,台中,台中市,統一-台中,finmind,,local,branch,N,official,"BR01,SE02,ID01"
5857,統一,新竹,新竹市,統一-新竹,finmind,,local,branch,N,official,"BR01,SE02,ID01"
5858,統一,嘉義,嘉義市,統一-嘉義,finmind,,local,branch,N,official,"BR01,SE02,ID01"
5859,統一,屏東,屏東縣,統一-屏東,finmind,,local,branch,N,official,"BR01,SE02,ID01"
585A,統一,基隆,基隆市,統一-基隆,finmind,,local,branch,N,official,"BR01,SE02,ID01"
585B,統一,永和,新北市,統一-永和,finmind,,local,branch,N,official,"BR01,SE02,ID01"
585D,統一,新台中,台中市,統一-新台中,finmind,,local,branch,N,official,"BR01,SE02,ID01"
585E,統一,新營,台南市,統一-新營,finmind,,local,branch,N,official,"BR01,SE02,ID01"
585F,統一,彰化,彰化縣,統一-彰化,finmind,,local,branch,N,official,"BR01,SE02,ID01"
585H,統一,桃園,桃園市,統一-桃園,finmind,,local,branch,N,official,"BR01,SE02,ID01"
585I,統一,員林,彰化縣,統一-員林,finmind,,local,branch,N,official,"BR01,SE02,ID01"
585J,統一,三重,新北市,統一-三重,finmind,,local,branch,N,official,"BR01,SE02,ID01"
585M,統一,士林,台北市,統一-士林,finmind,,local,branch,N,official,"BR01,SE02,ID01"
585P,統一,板橋,新北市,統一-板橋,finmind,,local,branch,N,official,"BR01,SE02,ID01"
585Q,統一,三多,高雄市,統一-三多,finmind,,local,branch,N,official,"BR01,SE02,ID01"
585R,統一,東湖,台北市,統一-東湖,finmind,,local,branch,N,official,"BR01,SE02,ID01"
585S,統一,宜蘭,宜蘭縣,統一-宜蘭,finmind,,local,branch,N,official,"BR01,SE02,ID01"
585T,統一自營,總部,台北市,統一自營,finmind,,local,hq,Y,official,"BR01,SE01,SE04,ID01"
585U,統一,南京,台北市,統一-南京,finmind,,local,branch,N,official,"BR01,SE02,ID01"
585W,統一,金門,金門縣,統一-金門,finmind,,local,branch,N,official,"BR01,SE02,ID01"
585Y,統一,土城,新北市,統一-土城,finmind,,local,branch,N,official,"BR01,SE02,ID01"
585Z,統一,松江,台北市,統一-松江,finmind,,local,branch,N,official,"BR01,SE02,ID01"
585b,統一,內湖,台北市,統一-內湖,finmind,,local,branch,N,official,"BR01,SE02,ID01"
585c,統一,仁愛,台北市,統一-仁愛,finmind,,local,branch,N,official,"BR01,SE02,ID01"
585g,統一,平鎮,桃園市,統一-平鎮,finmind,,local,branch,N,official,"BR01,SE02,ID01"
585m,統一,竹南,苗栗縣,統一-竹南,finmind,,local,branch,N,official,"BR01,SE02,ID01"
585s,統一,國際證券,台北市,統一-國際證券,finmind,,local,branch,N,official,"BR01,SE02,ID01"
5860,盈溢,總部,高雄市,盈溢,finmind,,local,hq,N,official,"BR01,SE01,ID01"
5861,盈溢,籬子內,高雄市,盈溢-籬子內,finmind,,local,branch,N,official,"BR01,SE02,ID01"
5862,盈溢,楠梓,高雄市,盈溢-楠梓,finmind,,local,branch,N,official,"BR01,SE02,ID01"
5920,元富,總部,台北市,元富,finmind,,local,hq,N,official,"BR01,SE01,ID01"
5921,元富,高雄,高雄市,元富-高雄,finmind,,local,branch,N,official,"BR01,SE02,ID01"
5922,元富,新店,新北市,元富-新店,finmind,,local,branch,N,official,"BR01,SE02,ID01"
5923,元富,三重,新北市,元富-三重,finmind,,local,branch,N,official,"BR01,SE02,ID01"
5925,元富,台中,台中市,元富-台中,finmind,,local,branch,N,official,"BR01,SE02,ID01"
5927,元富,林園,高雄市,元富-林園,finmind,,local,branch,N,official,"BR01,SE02,ID01"
5928,元富,新莊,新北市,元富-新莊,finmind,,local,branch,N,official,"BR01,SE02,ID01"
5929,元富,台南,台南市,元富-台南,finmind,,local,branch,N,official,"BR01,SE02,ID01"
592A,元富,緯城,高雄市,元富-緯城,finmind,,local,branch,N,official,"BR01,SE02,ID01"
592B,元富,永和,新北市,元富-永和,finmind,,local,branch,N,official,"BR01,SE02,ID01"
592C,元富,潮州,屏東縣,元富-潮州,finmind,,local,branch,N,official,"BR01,SE02,ID01"
592D,元富,大昌,高雄市,元富-大昌,finmind,,local,branch,N,official,"BR01,SE02,ID01"
592E,元富,城中,台北市,元富-城中,finmind,,local,branch,N,official,"BR01,SE02,ID01"
592G,元富,新竹,新竹市,元富-新竹,finmind,,local,branch,N,official,"BR01,SE02,ID01"
592H,元富,信義,台北市,元富-信義,finmind,,local,branch,N,official,"BR01,SE02,ID01"
592I,元富,嘉義,嘉義市,元富-嘉義,finmind,,local,branch,N,official,"BR01,SE02,ID01"
592L,元富,中壢,桃園縣,元富-中壢,finmind,,local,branch,N,official,"BR01,SE02,ID01"
592M,元富,彰化,彰化市,元富-彰化,finmind,,local,branch,N,official,"BR01,SE02,ID01"
592N,元富,虎尾,雲林縣,元富-虎尾,finmind,,local,branch,N,official,"BR01,SE02,ID01"
592P,元富,同大,高雄市,元富-同大,finmind,,local,branch,N,official,"BR01,SE02,ID01"
592Q,元富,敦南,台北市,元富-敦南,finmind,,local,branch,N,official,"BR01,SE02,ID01"
592S,元富,基隆,基隆市,元富-基隆,finmind,,local,branch,N,official,"BR01,SE02,ID01"
592T,元富自營,總部,台北市,元富自營,finmind,,local,hq,Y,official,"BR01,SE01,SE04,ID01"
592U,元富,宜蘭,宜蘭縣,元富-宜蘭,finmind,,local,branch,N,official,"BR01,SE02,ID01"
592W,元富,吉利,台北市,元富-吉利,finmind,,local,branch,N,official,"BR01,SE02,ID01"
592X,元富,草屯,南投縣,元富-草屯,finmind,,local,branch,N,official,"BR01,SE02,ID01"
592Y,元富,埔里,南投縣,元富-埔里,finmind,,local,branch,N,official,"BR01,SE02,ID01"
592Z,元富,安南,台南市,元富-安南,finmind,,local,branch,N,official,"BR01,SE02,ID01"
592a,元富,松德,台北市,元富-松德,finmind,,local,branch,N,official,"BR01,SE02,ID01"
592b,元富,板橋,新北市,元富-板橋,finmind,,local,branch,N,official,"BR01,SE02,ID01"
592c,元富,烏日,台中縣,元富-烏日,finmind,,local,branch,N,official,"BR01,SE02,ID01"
592e,元富,古亭,台北市,元富-古亭,finmind,,local,branch,N,official,"BR01,SE02,ID01"
592f,元富,國際證券,台北市,元富-國際證券,finmind,,local,branch,N,official,"BR01,SE02,ID01"
592g,元富,中原,台中市,元富-中原,finmind,,local,branch,N,official,"BR01,SE02,ID01"
592i,元富,中港,台中市,元富-中港,finmind,,local,branch,N,official,"BR01,SE02,ID01"
592l,元富,大裕,台中市,元富-大裕,finmind,,local,branch,N,official,"BR01,SE02,ID01"
592m,元富,成功,台南市,元富-成功,finmind,,local,branch,N,official,"BR01,SE02,ID01"
592n,元富,西松,台北市,元富-西松,finmind,,local,branch,N,official,"BR01,SE02,ID01"
592o,元富,新興,高雄市,元富-新興,finmind,,local,branch,N,official,"BR01,SE02,ID01"
592q,元富,屏東,屏東市,元富-屏東,finmind,,local,branch,N,official,"BR01,SE02,ID01"
592r,元富,城東,台北市,元富-城東,finmind,,local,branch,N,official,"BR01,SE02,ID01"
592u,元富,世貿,台北市,元富-世貿,finmind,,local,branch,N,official,"BR01,SE02,ID01"
592v,元富,桃園,桃園縣,元富-桃園,finmind,,local,branch,N,official,"BR01,SE02,ID01"
592w,元富,佳里,台南市,元富-佳里,finmind,,local,branch,N,official,"BR01,SE02,ID01"
592y,元富,花蓮,花蓮市,元富-花蓮,finmind,,local,branch,N,official,"BR01,SE02,ID01"
592z,元富,文心,台中市,元富-文心,finmind,,local,branch,N,official,"BR01,SE02,ID01"
5960,日茂,總部,南投縣,日茂,finmind,,local,hq,N,official,"BR01,SE01,ID01"
5961,日茂,埔里,南投縣,日茂-埔里,finmind,,local,branch,N,official,"BR01,SE02,ID01"
5962,日茂,南投,南投縣,日茂-南投,finmind,,local,branch,N,official,"BR01,SE02,ID01"
6010,犇亞證券,總部,台北市,犇亞證券,finmind,,local,hq,N,official,"BR01,SE01,ID01"
6012,犇亞,網路,台北市,犇亞-網路,finmind,,local,branch,N,official,"BR01,SE02,ID01"
601d,犇亞,鑫豐,台北市,犇亞-鑫豐,finmind,,local,branch,N,official,"BR01,SE02,ID01"
6110,台中銀,總部,台中市,台中銀,finmind,,local,hq,N,official,"BR01,SE01,ID01"
6114,台中銀,員林,彰化縣,台中銀-員林,finmind,,local,branch,N,official,"BR01,SE02,ID01"
6115,台中銀,台北,台北市,台中銀-台北,finmind,,local,branch,N,official,"BR01,SE02,ID01"
6116,台中銀,高雄,高雄市,台中銀-高雄,finmind,,local,branch,N,official,"BR01,SE02,ID01"
611A,台中銀,豐原,台中市,台中銀-豐原,finmind,,local,branch,N,official,"BR01,SE02,ID01"
611T,台中銀自營,總部,台北市,台中銀自營,finmind,,local,hq,Y,official,"BR01,SE01,SE04,ID01"
6160,中國信託,總部,台北市,中國信託,finmind,,local,hq,N,official,"BR01,SE01,ID01"
6161,中國信託,三重,新北市,中國信託-三重,finmind,,local,branch,N,official,"BR01,SE02,ID01"
6162,中國信託,忠孝,台北市,中國信託-忠孝,finmind,,local,branch,N,official,"BR01,SE02,ID01"
6163,中國信託,永康,台南市,中國信託-永康,finmind,,local,branch,N,official,"BR01,SE02,ID01"
6164,中國信託,文心,台中市,中國信託-文心,finmind,,local,branch,N,official,"BR01,SE02,ID01"
6165,中國信託,新竹,新竹市,中國信託-新竹,finmind,,local,branch,N,official,"BR01,SE02,ID01"
6167,中國信託,松江,台北市,中國信託-松江,finmind,,local,branch,N,official,"BR01,SE02,ID01"
6168,中國信託,嘉義,嘉義市,中國信託-嘉義,finmind,,local,branch,N,official,"BR01,SE02,ID01"
616A,中國信託,中壢,桃園市,中國信託-中壢,finmind,,local,branch,N,official,"BR01,SE02,ID01"
616K,中國信託,高雄,高雄市,中國信託-高雄,finmind,,local,branch,N,official,"BR01,SE02,ID01"
616T,中國信託自,總部,台北市,中國信託自,finmind,,local,hq,N,official,"BR01,SE01,ID01"
616X,中國信託,國際證券,台北市,中國信託-國際證券,finmind,,local,branch,N,official,"BR01,SE02,ID01"
6210,新百王,總部,高雄市,新百王,finmind,,local,hq,N,official,"BR01,SE01,ID01"
6380,光和,總部,彰化縣,光和,finmind,,local,hq,N,official,"BR01,SE01,ID01"
6381,光和,溪湖,彰化縣,光和-溪湖,finmind,,local,branch,N,official,"BR01,SE02,ID01"
6382,光和,田中,彰化縣,光和-田中,finmind,,local,branch,N,official,"BR01,SE02,ID01"
6383,光和,和美,彰化縣,光和-和美,finmind,,local,branch,N,official,"BR01,SE02,ID01"
6385,光和,花壇,彰化縣,光和-花壇,finmind,,local,branch,N,official,"BR01,SE02,ID01"
638A,光和,嘉義,嘉義縣,光和-嘉義,finmind,,local,branch,N,official,"BR01,SE02,ID01"
638D,光和,高雄,高雄市,光和-高雄,finmind,,local,branch,N,official,"BR01,SE02,ID01"
6450,永全,總部,桃園市,永全,finmind,,local,hq,N,official,"BR01,SE01,ID01"
6451,永全,南崁,桃園市,永全-南崁,finmind,,local,branch,N,official,"BR01,SE02,ID01"
6452,永全,八德,桃園市,永全-八德,finmind,,local,branch,N,official,"BR01,SE02,ID01"
6460,大昌,總部,新北市,大昌,finmind,,local,hq,N,official,"BR01,SE01,ID01"
6461,大昌,樹林,新北市,大昌-樹林,finmind,,local,branch,N,official,"BR01,SE02,ID01"
6462,大昌,安康,新北市,大昌-安康,finmind,,local,branch,N,official,"BR01,SE02,ID01"
6463,大昌,新竹,新竹市,大昌-新竹,finmind,,local,branch,N,official,"BR01,SE02,ID01"
6464,大昌,新店,新北市,大昌-新店,finmind,,local,branch,N,official,"BR01,SE02,ID01"
6465,大昌,桃園,桃園市,大昌-桃園,finmind,,local,branch,N,official,"BR01,SE02,ID01"
6480,福邦,總部,台北市,福邦,finmind,,local,hq,N,official,"BR01,SE01,ID01"
6489,福邦,新竹,新竹縣,福邦-新竹,finmind,,local,branch,N,official,"BR01,SE02,ID01"
648T,福邦自營,總部,台北市,福邦自營,finmind,,local,hq,Y,official,"BR01,SE01,SE04,ID01"
6620,口袋,總部,新北市,口袋,finmind,,local,hq,N,official,"BR01,SE01,ID01"
6910,德信,總部,台北市,德信,finmind,,local,hq,N,official,"BR01,SE01,ID01"
6912,德信,中正,台中市,德信-中正,finmind,,local,branch,N,official,"BR01,SE02,ID01"
6913,德信,新營,台南市,德信-新營,finmind,,local,branch,N,official,"BR01,SE02,ID01"
6915,德信,和平,台北市,德信-和平,finmind,,local,branch,N,official,"BR01,SE02,ID01"
691T,德信自營,總部,台北市,德信自營,finmind,,local,hq,Y,official,"BR01,SE01,SE04,ID01"
6950,福勝,總部,新北市,福勝,finmind,,local,hq,N,official,"BR01,SE01,ID01"
7000,兆豐,總部,台北市,兆豐,finmind,,local,hq,N,official,"BR01,SE01,ID01"
7001,兆豐,嘉義,嘉義市,兆豐-嘉義,finmind,,local,branch,N,official,"BR01,SE02,ID01"
7003,兆豐,台中,台中市,兆豐-台中,finmind,,local,branch,N,official,"BR01,SE02,ID01"
7005,兆豐,台中港,台中縣,兆豐-台中港,finmind,,local,branch,N,official,"BR01,SE02,ID01"
7006,兆豐,台南,台南市,兆豐-台南,finmind,,local,branch,N,official,"BR01,SE02,ID01"
7007,兆豐,竹北,新竹縣,兆豐-竹北,finmind,,local,branch,N,official,"BR01,SE02,ID01"
7008,兆豐,三重,新北市,兆豐-三重,finmind,,local,branch,N,official,"BR01,SE02,ID01"
7009,兆豐,景美,台北市,兆豐-景美,finmind,,local,branch,N,official,"BR01,SE02,ID01"
700B,兆豐,板橋,台北縣,兆豐-板橋,finmind,,local,branch,N,official,"BR01,SE02,ID01"
700C,兆豐,來福,雲林縣,兆豐-來福,finmind,,local,branch,N,official,"BR01,SE02,ID01"
700D,兆豐,西螺,雲林縣,兆豐-西螺,finmind,,local,branch,N,official,"BR01,SE02,ID01"
700F,兆豐,虎尾,雲林縣,兆豐-虎尾,finmind,,local,branch,N,official,"BR01,SE02,ID01"
700G,兆豐,麻豆,台南縣,兆豐-麻豆,finmind,,local,branch,N,official,"BR01,SE02,ID01"
700H,兆豐,東門,台北市,兆豐-東門,finmind,,local,branch,N,official,"BR01,SE02,ID01"
700I,兆豐,北高雄,高雄市,兆豐-北高雄,finmind,,local,branch,N,official,"BR01,SE02,ID01"
700J,兆豐,公益,台中市,兆豐-公益,finmind,,local,branch,N,official,"BR01,SE02,ID01"
700K,兆豐,新營,台南市,兆豐-新營,finmind,,local,branch,N,official,"BR01,SE02,ID01"
700L,兆豐,天母,台北市,兆豐-天母,finmind,,local,branch,N,official,"BR01,SE02,ID01"
700M,兆豐,桃園,桃園縣,兆豐-桃園,finmind,,local,branch,N,official,"BR01,SE02,ID01"
700N,兆豐,埔墘,新北市,兆豐-埔墘,finmind,,local,branch,N,official,"BR01,SE02,ID01"
700P,兆豐,南京,台北市,兆豐-南京,finmind,,local,branch,N,official,"BR01,SE02,ID01"
700R,兆豐,小港,高雄市,兆豐-小港,finmind,,local,branch,N,official,"BR01,SE02,ID01"
700S,兆豐,大同,台北市,兆豐-大同,finmind,,local,branch,N,official,"BR01,SE02,ID01"
700T,兆豐自營,總部,台北市,兆豐自營,finmind,,local,hq,Y,official,"BR01,SE01,SE04,ID01"
700U,兆豐,桃鶯,桃園市,兆豐-桃鶯,finmind,,local,branch,N,official,"BR01,SE02,ID01"
700V,兆豐,新竹,新竹市,兆豐-新竹,finmind,,local,branch,N,official,"BR01,SE02,ID01"
700W,兆豐,城中,台北市,兆豐-城中,finmind,,local,branch,N,official,"BR01,SE02,ID01"
700X,兆豐,永和,新北市,兆豐-永和,finmind,,local,branch,N,official,"BR01,SE02,ID01"
700Z,兆豐,高雄,高雄市,兆豐-高雄,finmind,,local,branch,N,official,"BR01,SE02,ID01"
700a,兆豐,忠孝,台北市,兆豐-忠孝,finmind,,local,branch,N,official,"BR01,SE02,ID01"
700b,兆豐,中壢,桃園市,兆豐-中壢,finmind,,local,branch,N,official,"BR01,SE02,ID01"
700c,兆豐,民生,台北市,兆豐-民生,finmind,,local,branch,N,official,"BR01,SE02,ID01"
700d,兆豐,彰化,彰化縣,兆豐-彰化,finmind,,local,branch,N,official,"BR01,SE02,ID01"
700f,兆豐,鹿港,彰化縣,兆豐-鹿港,finmind,,local,branch,N,official,"BR01,SE02,ID01"
700g,兆豐,南門,台北市,兆豐-南門,finmind,,local,branch,N,official,"BR01,SE02,ID01"
700h,兆豐,三民,高雄市,兆豐-三民,finmind,,local,branch,N,official,"BR01,SE02,ID01"
700i,兆豐,松德,台北市,兆豐-松德,finmind,,local,branch,N,official,"BR01,SE02,ID01"
700j,兆豐,大安,台北市,兆豐-大安,finmind,,local,branch,N,official,"BR01,SE02,ID01"
700k,兆豐,員林,彰化縣,兆豐-員林,finmind,,local,branch,N,official,"BR01,SE02,ID01"
700m,兆豐,國際證券,台北市,兆豐-國際證券,finmind,,local,branch,N,official,"BR01,SE02,ID01"
700p,兆豐,復興,台北市,兆豐-復興,finmind,,local,branch,N,official,"BR01,SE02,ID01"
700q,兆豐,內湖,台北市,兆豐-內湖,finmind,,local,branch,N,official,"BR01,SE02,ID01"
700r,兆豐,寶成,台中市,兆豐-寶成,finmind,,local,branch,N,official,"BR01,SE02,ID01"
700s,兆豐,岡山,高雄縣,兆豐-岡山,finmind,,local,branch,N,official,"BR01,SE02,ID01"
700w,兆豐,新莊,新北市,兆豐-新莊,finmind,,local,branch,N,official,"BR01,SE02,ID01"
7030,致和,總部,台南市,致和,finmind,,local,hq,N,official,"BR01,SE01,ID01"
7031,致和,台北,台北市,致和-台北,finmind,,local,branch,N,official,"BR01,SE02,ID01"
7032,致和,佳里,台南市,致和-佳里,finmind,,local,branch,N,official,"BR01,SE02,ID01"
7033,致和,府前,台南市,致和-府前,finmind,,local,branch,N,official,"BR01,SE02,ID01"
7034,致和,金華,台南市,致和-金華,finmind,,local,branch,N,official,"BR01,SE02,ID01"
7035,致和,東門,台北市,致和-東門,finmind,,local,branch,N,official,"BR01,SE02,ID01"
7036,致和,高雄,高雄市,致和-高雄,finmind,,local,branch,N,official,"BR01,SE02,ID01"
7038,致和,南京,台北市,致和-南京,finmind,,local,branch,N,official,"BR01,SE02,ID01"
703B,致和,崇德,台南市,致和-崇德,finmind,,local,branch,N,official,"BR01,SE02,ID01"
703T,致和自營,總部,台南市,致和自營,finmind,,local,hq,Y,official,"BR01,SE01,SE04,ID01"
7080,石橋,總部,桃園市,石橋,finmind,,local,hq,N,official,"BR01,SE01,ID01"
7750,北城,總部,新北市,北城,finmind,,local,hq,N,official,"BR01,SE01,ID01"
7790,國票,總部,台北市,國票,finmind,,local,hq,N,official,"BR01,SE01,ID01"
7791,國票,台東,台東縣,國票-台東,finmind,,local,branch,N,official,"BR01,SE02,ID01"
7792,國票,北投,台北市,國票-北投,finmind,,local,branch,N,official,"BR01,SE02,ID01"
7795,國票,南港,台北市,國票-南港,finmind,,local,branch,N,official,"BR01,SE02,ID01"
7797,國票,中正,高雄市,國票-中正,finmind,,local,branch,N,official,"BR01,SE02,ID01"
7798,國票,內壢,桃園市,國票-內壢,finmind,,local,branch,N,official,"BR01,SE02,ID01"
779D,國票,台南,台南市,國票-台南,finmind,,local,branch,N,official,"BR01,SE02,ID01"
779E,國票,南崁,桃園市,國票-南崁,finmind,,local,branch,N,official,"BR01,SE02,ID01"
779G,國票,新莊,新北市,國票-新莊,finmind,,local,branch,N,official,"BR01,SE02,ID01"
779H,國票,嘉義,嘉義市,國票-嘉義,finmind,,local,branch,N,official,"BR01,SE02,ID01"
779J,國票,北高雄,高雄市,國票-北高雄,finmind,,local,branch,N,official,"BR01,SE02,ID01"
779P,國票,九鼎,台中市,國票-九鼎,finmind,,local,branch,N,official,"BR01,SE02,ID01"
779T,國票自營,總部,台北市,國票自營,finmind,,local,hq,Y,official,"BR01,SE01,SE04,ID01"
779V,國票,天祥,高雄市,國票-天祥,finmind,,local,branch,N,official,"BR01,SE02,ID01"
779W,國票,彰化,彰化縣,國票-彰化,finmind,,local,branch,N,official,"BR01,SE02,ID01"
779X,國票,中和,新北市,國票-中和,finmind,,local,branch,N,official,"BR01,SE02,ID01"
779Z,國票,安和,台北市,國票-安和,finmind,,local,branch,N,official,"BR01,SE02,ID01"
779b,國票,國際證券,台北市,國票-國際證券,finmind,,local,branch,N,official,"BR01,SE02,ID01"
779c,國票,敦北法人,台北市,國票-敦北法人,finmind,,local,branch,N,official,"BR01,SE02,ID01"
779e,國票,南科,台南市新市,國票-南科,finmind,,local,branch,N,official,"BR01,SE02,ID01"
779j,國票,和平,高雄市,國票-和平,finmind,,local,branch,N,official,"BR01,SE02,ID01"
779m,國票,中港,台中市,國票-中港,finmind,,local,branch,N,official,"BR01,SE02,ID01"
779n,國票,南京,台北市,國票-南京,finmind,,local,branch,N,official,"BR01,SE02,ID01"
779r,國票,桃園,桃園市,國票-桃園,finmind,,local,branch,N,official,"BR01,SE02,ID01"
779u,國票,長城,台北市,國票-長城,finmind,,local,branch,N,official,"BR01,SE02,ID01"
779v,國票,台中,台中市,國票-台中,finmind,,local,branch,N,official,"BR01,SE02,ID01"
779z,國票,博愛,台北市,國票-博愛,finmind,,local,branch,N,official,"BR01,SE02,ID01"
8150,台新,總部,台北市,台新,finmind,,local,hq,N,official,"BR01,SE01,ID01"
8151,台新,建北,台北市,台新-建北,finmind,,local,branch,N,official,"BR01,SE02,ID01"
8152,台新,新莊,新北市,台新-新莊,finmind,,local,branch,N,official,"BR01,SE02,ID01"
8156,台新,三民,高雄市,台新-三民,finmind,,local,branch,N,official,"BR01,SE02,ID01"
8157,台新,左楠,高雄市,台新-左楠,finmind,,local,branch,N,official,"BR01,SE02,ID01"
8158,台新,松江,台北市,台新-松江,finmind,,local,branch,N,official,"BR01,SE02,ID01"
8159,台新,台南,台南市,台新-台南,finmind,,local,branch,N,official,"BR01,SE02,ID01"
815A,台新,高雄,高雄市,台新-高雄,finmind,,local,branch,N,official,"BR01,SE02,ID01"
815B,台新,台中,台中市,台新-台中,finmind,,local,branch,N,official,"BR01,SE02,ID01"
815H,台新,屏東,屏東縣,台新-屏東,finmind,,local,branch,N,official,"BR01,SE02,ID01"
815S,台新,中壢,桃園市,台新-中壢,finmind,,local,branch,N,official,"BR01,SE02,ID01"
815T,台新自營,總部,台北市,台新自營,finmind,,local,hq,Y,official,"BR01,SE01,SE04,ID01"
815Y,台新,新營,台南市,台新-新營,finmind,,local,branch,N,official,"BR01,SE02,ID01"
815Z,台新,國際證券,台北市,台新-國際證券,finmind,,local,branch,N,official,"BR01,SE02,ID01"
8380,安泰,總部,高雄市,安泰,finmind,,local,hq,N,official,"BR01,SE01,ID01"
8381,安泰,大發,高雄市,安泰-大發,finmind,,local,branch,N,official,"BR01,SE02,ID01"
8382,安泰,楠梓,高雄市,安泰-楠梓,finmind,,local,branch,N,official,"BR01,SE02,ID01"
8440,摩根大通,總部,台北市,摩根大通,finmind,,foreign,hq,N,official,"BR02,SE01,ID01"
8450,康和,總部,台北市,康和,finmind,,local,hq,N,official,"BR01,SE01,ID01"
8451,康和,延平,台北市,康和-延平,finmind,,local,branch,N,official,"BR01,SE02,ID01"
8455,康和,台中,台中市,康和-台中,finmind,,local,branch,N,official,"BR01,SE02,ID01"
8456,康和,新竹,新竹市,康和-新竹,finmind,,local,branch,N,official,"BR01,SE02,ID01"
8458,康和,台南,台南市,康和-台南,finmind,,local,branch,N,official,"BR01,SE02,ID01"
8459,康和,嘉義,嘉義市,康和-嘉義,finmind,,local,branch,N,official,"BR01,SE02,ID01"
845A,康和,內湖,台北市,康和-內湖,finmind,,local,branch,N,official,"BR01,SE02,ID01"
845B,康和,永和,新北市,康和-永和,finmind,,local,branch,N,official,"BR01,SE02,ID01"
845D,康和,板橋,新北市,康和-板橋,finmind,,local,branch,N,official,"BR01,SE02,ID01"
845E,康和,澎湖,澎湖縣,康和-澎湖,finmind,,local,branch,N,official,"BR01,SE02,ID01"
845F,康和,仁愛,台北市,康和-仁愛,finmind,,local,branch,N,official,"BR01,SE02,ID01"
845J,康和,高雄,高雄市,康和-高雄,finmind,,local,branch,N,official,"BR01,SE02,ID01"
845R,康和,石牌,台北市,康和-石牌,finmind,,local,branch,N,official,"BR01,SE02,ID01"
845S,康和,南崁,桃園市,康和-南崁,finmind,,local,branch,N,official,"BR01,SE02,ID01"
845T,康和自營,總部,台北市,康和自營,finmind,,local,hq,Y,official,"BR01,SE01,SE04,ID01"
845U,康和,台北,台北市,康和-台北,finmind,,local,branch,N,official,"BR01,SE02,ID01"
845X,康和,屏東,屏東市,康和-屏東,finmind,,local,branch,N,official,"BR01,SE02,ID01"
845Y,康和,國際證券,台北市,康和-國際證券,finmind,,local,branch,N,official,"BR01,SE02,ID01"
8490,京城,總部,台北市,京城,finmind,,local,hq,N,official,"BR01,SE01,ID01"
8492,京城,嘉義,嘉義市,京城-嘉義,finmind,,local,branch,N,official,"BR01,SE02,ID01"
8520,中農,總部,台中市,中農,finmind,,local,hq,N,official,"BR01,SE01,ID01"
8560,新光,總部,台北市,新光,finmind,,local,hq,N,official,"BR01,SE01,ID01"
8561,新光,台中,台中市,新光-台中,finmind,,local,branch,N,official,"BR01,SE02,ID01"
8562,新光,高雄,高雄市,新光-高雄,finmind,,local,branch,N,official,"BR01,SE02,ID01"
8563,新光,新竹,新竹縣,新光-新竹,finmind,,local,branch,N,official,"BR01,SE02,ID01"
8564,新光,台南,台南市,新光-台南,finmind,,local,branch,N,official,"BR01,SE02,ID01"
8565,新光,桃園,桃園市,新光-桃園,finmind,,local,branch,N,official,"BR01,SE02,ID01"
856T,新光自營,總部,台北市,新光自營,finmind,,local,hq,Y,official,"BR01,SE01,SE04,ID01"
8580,聯邦商銀,總部,台北市,聯邦商銀,finmind,,local,hq,N,official,"BR01,SE01,ID01"
8581,聯邦,高雄,高雄市,聯邦-高雄,finmind,,local,branch,N,official,"BR01,SE02,ID01"
8582,聯邦,嘉義,嘉義縣,聯邦-嘉義,finmind,,local,branch,N,official,"BR01,SE02,ID01"
8583,聯邦,忠孝,台北市,聯邦-忠孝,finmind,,local,branch,N,official,"BR01,SE02,ID01"
8584,聯邦,雙和,新北市,聯邦-雙和,finmind,,local,branch,N,official,"BR01,SE02,ID01"
8585,聯邦,三重,新北市,聯邦-三重,finmind,,local,branch,N,official,"BR01,SE02,ID01"
8586,聯邦,大業,桃園市,聯邦-大業,finmind,,local,branch,N,official,"BR01,SE02,ID01"
8587,聯邦,興中,台中市,聯邦-興中,finmind,,local,branch,N,official,"BR01,SE02,ID01"
8588,聯邦,台南,台南市,聯邦-台南,finmind,,local,branch,N,official,"BR01,SE02,ID01"
8710,陽信,總部,台北市,陽信,finmind,,local,hq,N,official,"BR01,SE01,ID01"
8711,陽信,石牌,台北市,陽信-石牌,finmind,,local,branch,N,official,"BR01,SE02,ID01"
8713,陽信,高雄,高雄市,陽信-高雄,finmind,,local,branch,N,official,"BR01,SE02,ID01"
8714,陽信,台南,台南市,陽信-台南,finmind,,local,branch,N,official,"BR01,SE02,ID01"
8715,陽信,台中,台中市,陽信-台中,finmind,,local,branch,N,official,"BR01,SE02,ID01"
8840,玉山,總部,台北市,玉山,finmind,,local,hq,N,official,"BR01,SE01,ID01"
8841,玉山,雙和,新北市,玉山-雙和,finmind,,local,branch,N,official,"BR01,SE02,ID01"
8842,玉山,新莊,新北市,玉山-新莊,finmind,,local,branch,N,official,"BR01,SE02,ID01"
8843,玉山,高雄,高雄市,玉山-高雄,finmind,,local,branch,N,official,"BR01,SE02,ID01"
8846,玉山,板橋,新北市,玉山-板橋,finmind,,local,branch,N,official,"BR01,SE02,ID01"
8847,玉山,台南,台南市,玉山-台南,finmind,,local,branch,N,official,"BR01,SE02,ID01"
8848,玉山,嘉義,嘉義市,玉山-嘉義,finmind,,local,branch,N,official,"BR01,SE02,ID01"
8849,玉山,景美,台北市,玉山-景美,finmind,,local,branch,N,official,"BR01,SE02,ID01"
884A,玉山,士林,台北市,玉山-士林,finmind,,local,branch,N,official,"BR01,SE02,ID01"
884B,玉山,台中,台中市,玉山-台中,finmind,,local,branch,N,official,"BR01,SE02,ID01"
884C,玉山,信義,台北市,玉山-信義,finmind,,local,branch,N,official,"BR01,SE02,ID01"
884D,玉山,左營,高雄市,玉山-左營,finmind,,local,branch,N,official,"BR01,SE02,ID01"
884E,玉山,城中,台北市,玉山-城中,finmind,,local,branch,N,official,"BR01,SE02,ID01"
884F,玉山,桃園,桃園市,玉山-桃園,finmind,,local,branch,N,official,"BR01,SE02,ID01"
884H,玉山,新竹,新竹市,玉山-新竹,finmind,,local,branch,N,official,"BR01,SE02,ID01"
884J,玉山,大里,台中市,玉山-大里,finmind,,local,branch,N,official,"BR01,SE02,ID01"
884L,玉山,國際證券,台北市,玉山-國際證券,finmind,,local,branch,N,official,"BR01,SE02,ID01"
884M,玉山,數位,台北市,玉山-數位,finmind,,local,branch,N,official,"BR01,SE02,ID01"
884T,玉山自營,總部,台北市,玉山自營,finmind,,local,hq,Y,official,"BR01,SE01,SE04,ID01"
8880,國泰,總部,台北市,國泰,finmind,,local,hq,N,official,"BR01,SE01,ID01"
8881,國泰,高雄,高雄市,國泰-高雄,finmind,,local,branch,N,official,"BR01,SE02,ID01"
8882,國泰,台中,台中市,國泰-台中,finmind,,local,branch,N,official,"BR01,SE02,ID01"
8883,國泰,松江,台北市,國泰-松江,finmind,,local,branch,N,official,"BR01,SE02,ID01"
8884,國泰,台南,台南市,國泰-台南,finmind,,local,branch,N,official,"BR01,SE02,ID01"
8885,國泰,桃園,桃園市,國泰-桃園,finmind,,local,branch,N,official,"BR01,SE02,ID01"
8886,國泰,新莊,新北市,國泰-新莊,finmind,,local,branch,N,official,"BR01,SE02,ID01"
8887,國泰,忠孝,台北市,國泰-忠孝,finmind,,local,branch,N,official,"BR01,SE02,ID01"
8888,國泰,敦南,台北市,國泰-敦南,finmind,,local,branch,N,official,"BR01,SE02,ID01"
888A,國泰,館前,台北市,國泰-館前,finmind,,local,branch,N,official,"BR01,SE02,ID01"
888K,國泰,板橋,新北市,國泰-板橋,finmind,,local,branch,N,official,"BR01,SE02,ID01"
888N,國泰,新竹,新竹縣,國泰-新竹,finmind,,local,branch,N,official,"BR01,SE02,ID01"
888Q,國泰,國際證券,台北市,國泰-國際證券,finmind,,local,branch,N,official,"BR01,SE02,ID01"
888T,國泰證自營,總部,台北市,國泰證自營,finmind,,local,hq,Y,official,"BR01,SE01,SE04,ID01"
8890,大和國泰,總部,台北市,大和國泰,finmind,,local,hq,N,official,"BR01,SE01,ID01"
8900,法銀巴黎,總部,台北市,法銀巴黎,finmind,,foreign,hq,N,official,"BR02,SE01,ID01"
8960,香港上海匯豐,總部,台北市,香港上海匯豐,finmind,,foreign,hq,N,official,"BR02,SE01,ID01"
9100,群益金鼎,總部,台北市,群益金鼎,finmind,,local,hq,N,official,"BR01,SE01,ID01"
9101,群益金鼎,敦南,台北市,群益金鼎-敦南,finmind,,local,branch,N,official,"BR01,SE02,ID01"
9103,群益金鼎,松山,台北市,群益金鼎-松山,finmind,,local,branch,N,official,"BR01,SE02,ID01"
9105,群益金鼎,高盛,高雄市,群益金鼎-高盛,finmind,,local,branch,N,official,"BR01,SE02,ID01"
9108,群益金鼎,海山,新北市,群益金鼎-海山,finmind,,local,branch,N,official,"BR01,SE02,ID01"
910D,群益金鼎,市府,台北市,群益金鼎-市府,finmind,,local,branch,N,official,"BR01,SE02,ID01"
910T,群益金鼎證,總部,台北市,群益金鼎證,finmind,,local,hq,N,official,"BR01,SE01,ID01"
9131,群益金鼎,民權,台中市,群益金鼎-民權,finmind,,local,branch,N,official,"BR01,SE02,ID01"
9134,群益金鼎,開元,台南市,群益金鼎-開元,finmind,,local,branch,N,official,"BR01,SE02,ID01"
9135,群益金鼎,東大,新竹市,群益金鼎-東大,finmind,,local,branch,N,official,"BR01,SE02,ID01"
9136,群益金鼎,西松,台北市,群益金鼎-西松,finmind,,local,branch,N,official,"BR01,SE02,ID01"
9137,群益金鼎,士林,台北市,群益金鼎-士林,finmind,,local,branch,N,official,"BR01,SE02,ID01"
9138,群益金鼎,中港,台中市,群益金鼎-中港,finmind,,local,branch,N,official,"BR01,SE02,ID01"
913D,群益金鼎,潭子,台中市,群益金鼎-潭子,finmind,,local,branch,N,official,"BR01,SE02,ID01"
913E,群益金鼎,基隆,基隆市,群益金鼎-基隆,finmind,,local,branch,N,official,"BR01,SE02,ID01"
913H,群益金鼎,屏東,屏東縣,群益金鼎-屏東,finmind,,local,branch,N,official,"BR01,SE02,ID01"
913I,群益金鼎,萬華,台北市,群益金鼎-萬華,finmind,,local,branch,N,official,"BR01,SE02,ID01"
913N,群益金鼎,土城,新北市,群益金鼎-土城,finmind,,local,branch,N,official,"BR01,SE02,ID01"
913R,群益金鼎,北高雄,高雄市,群益金鼎-北高雄,finmind,,local,branch,N,official,"BR01,SE02,ID01"
913U,群益金鼎,崇德,台中市,群益金鼎-崇德,finmind,,local,branch,N,official,"BR01,SE02,ID01"
913Y,群益金鼎,館前,台北市,群益金鼎-館前,finmind,,local,branch,N,official,"BR01,SE02,ID01"
913g,群益金鼎,三重,新北市,群益金鼎-三重,finmind,,local,branch,N,official,"BR01,SE02,ID01"
9183,群益金鼎,高雄,高雄市,群益金鼎-高雄,finmind,,local,branch,N,official,"BR01,SE02,ID01"
9184,群益金鼎,台中,台中市,群益金鼎-台中,finmind,,local,branch,N,official,"BR01,SE02,ID01"
9185,群益金鼎,台南,台南市,群益金鼎-台南,finmind,,local,branch,N,official,"BR01,SE02,ID01"
9186,群益金鼎,新竹,新竹市,群益金鼎-新竹,finmind,,local,branch,N,official,"BR01,SE02,ID01"
9187,群益金鼎,彰化,彰化縣,群益金鼎-彰化,finmind,,local,branch,N,official,"BR01,SE02,ID01"
9188,群益金鼎,三民,高雄市,群益金鼎-三民,finmind,,local,branch,N,official,"BR01,SE02,ID01"
9189,群益金鼎,桃園,桃園市,群益金鼎-桃園,finmind,,local,branch,N,official,"BR01,SE02,ID01"
918A,群益金鼎,中壢,桃園市,群益金鼎-中壢,finmind,,local,branch,N,official,"BR01,SE02,ID01"
918B,群益金鼎,板橋,新北市,群益金鼎-板橋,finmind,,local,branch,N,official,"BR01,SE02,ID01"
918C,群益金鼎,古亭,台北市,群益金鼎-古亭,finmind,,local,branch,N,official,"BR01,SE02,ID01"
918D,群益金鼎,東門,台南市,群益金鼎-東門,finmind,,local,branch,N,official,"BR01,SE02,ID01"
918E,群益金鼎,南京,台北市,群益金鼎-南京,finmind,,local,branch,N,official,"BR01,SE02,ID01"
918G,群益金鼎,新莊,新北市,群益金鼎-新莊,finmind,,local,branch,N,official,"BR01,SE02,ID01"
918H,群益金鼎,中山,台北市,群益金鼎-中山,finmind,,local,branch,N,official,"BR01,SE02,ID01"
918J,群益金鼎,永和,新北市,群益金鼎-永和,finmind,,local,branch,N,official,"BR01,SE02,ID01"
918K,群益金鼎,東湖,台北市,群益金鼎-東湖,finmind,,local,branch,N,official,"BR01,SE02,ID01"
918L,群益金鼎,建成,台中市,群益金鼎-建成,finmind,,local,branch,N,official,"BR01,SE02,ID01"
918M,群益金鼎,嘉義,嘉義市,群益金鼎-嘉義,finmind,,local,branch,N,official,"BR01,SE02,ID01"
918P,群益金鼎,天母,台北市,群益金鼎-天母,finmind,,local,branch,N,official,"BR01,SE02,ID01"
918W,群益金鼎,忠孝,台北市,群益金鼎-忠孝,finmind,,local,branch,N,official,"BR01,SE02,ID01"
918X,群益金鼎,台北,台北市,群益金鼎-台北,finmind,,local,branch,N,official,"BR01,SE02,ID01"
918c,群益金鼎,鳳山,高雄市,群益金鼎-鳳山,finmind,,local,branch,N,official,"BR01,SE02,ID01"
918d,群益金鼎,內湖,台北市,群益金鼎-內湖,finmind,,local,branch,N,official,"BR01,SE02,ID01"
918e,群益金鼎,大安,台北市,群益金鼎-大安,finmind,,local,branch,N,official,"BR01,SE02,ID01"
918g,群益金鼎,大甲,台中市,群益金鼎-大甲,finmind,,local,branch,N,official,"BR01,SE02,ID01"
918i,群益金鼎,竹南,苗栗縣,群益金鼎-竹南,finmind,,local,branch,N,official,"BR01,SE02,ID01"
918s,群益金鼎,丹鳳,新北市,群益金鼎-丹鳳,finmind,,local,branch,N,official,"BR01,SE02,ID01"
918u,群益金鼎,瑞豐,高雄市,群益金鼎-瑞豐,finmind,,local,branch,N,official,"BR01,SE02,ID01"
918x,群益金鼎,延平,台北市,群益金鼎-延平,finmind,,local,branch,N,official,"BR01,SE02,ID01"
918z,群益金鼎,宜蘭,宜蘭縣,群益金鼎-宜蘭,finmind,,local,branch,N,official,"BR01,SE02,ID01"
9199,群益金鼎,國際證券,台北市,群益金鼎-國際證券,finmind,,local,branch,N,official,"BR01,SE02,ID01"
9200,凱基,總部,台北市,凱基,finmind,,local,hq,N,official,"BR01,SE01,ID01"
9202,凱基,中港,台中市,凱基-中港,finmind,,local,branch,N,official,"BR01,SE02,ID01"
9204,凱基,台中,台中市,凱基-台中,finmind,,local,branch,N,official,"BR01,SE02,ID01"
9205,凱基,三重,新北市,凱基-三重,finmind,,local,branch,N,official,"BR01,SE02,ID01"
9206,凱基,高雄,高雄市,凱基-高雄,finmind,,local,branch,N,official,"BR01,SE02,ID01"
9207,凱基,永和,新北市,凱基-永和,finmind,,local,branch,N,official,"BR01,SE02,ID01"
9208,凱基,桃園,桃園市,凱基-桃園,finmind,,local,branch,N,official,"BR01,SE02,ID01"
9209,凱基,岡山,高雄市,凱基-岡山,finmind,,local,branch,N,official,"BR01,SE02,ID01"
920A,凱基,板橋,新北市,凱基-板橋,finmind,,local,branch,N,official,"BR01,SE02,ID01"
920C,凱基,雙和,新北市,凱基-雙和,finmind,,local,branch,N,official,"BR01,SE02,ID01"
920D,凱基,市府,台北市,凱基-市府,finmind,,local,branch,N,official,"BR01,SE02,ID01"
920E,凱基,竹北理財,新竹縣,凱基-竹北理財,finmind,,local,branch,N,official,"BR01,SE02,ID01"
920F,凱基,站前,台北市,凱基-站前,finmind,,local,branch,N,official,"BR01,SE02,ID01"
920G,凱基,彰化,彰化市,凱基-彰化,finmind,,local,branch,N,official,"BR01,SE02,ID01"
920H,凱基,基隆,基隆市,凱基-基隆,finmind,,local,branch,N,official,"BR01,SE02,ID01"
920M,凱基,宜蘭,宜蘭市,凱基-宜蘭,finmind,,local,branch,N,official,"BR01,SE02,ID01"
920N,凱基,湖口,新竹縣,凱基-湖口,finmind,,local,branch,N,official,"BR01,SE02,ID01"
920T,凱基自營,總部,台北市,凱基自營,finmind,,local,hq,Y,official,"BR01,SE01,SE04,ID01"
920V,凱基,新店,新北市,凱基-新店,finmind,,local,branch,N,official,"BR01,SE02,ID01"
920W,凱基,大里,台中市,凱基-大里,finmind,,local,branch,N,official,"BR01,SE02,ID01"
920Z,凱基,台東,台東縣,凱基-台東,finmind,,local,branch,N,official,"BR01,SE02,ID01"
9211,凱基,台南,台南市,凱基-台南,finmind,,local,branch,N,official,"BR01,SE02,ID01"
9212,凱基,東港,屏東縣,凱基-東港,finmind,,local,branch,N,official,"BR01,SE02,ID01"
9215,凱基,高美館,高雄市,凱基-高美館,finmind,,local,branch,N,official,"BR01,SE02,ID01"
9216,凱基,信義,台北市,凱基-信義,finmind,,local,branch,N,official,"BR01,SE02,ID01"
9217,凱基,松山,台北市,凱基-松山,finmind,,local,branch,N,official,"BR01,SE02,ID01"
9218,凱基,大直,台北市,凱基-大直,finmind,,local,branch,N,official,"BR01,SE02,ID01"
921C,凱基,民權,台北市,凱基-民權,finmind,,local,branch,N,official,"BR01,SE02,ID01"
921E,凱基,三峽,新北市,凱基-三峽,finmind,,local,branch,N,official,"BR01,SE02,ID01"
921F,凱基,天母理財,台北市,凱基-天母理財,finmind,,local,branch,N,official,"BR01,SE02,ID01"
921G,凱基,五股,新北市,凱基-五股,finmind,,local,branch,N,official,"BR01,SE02,ID01"
921J,凱基,土城,新北市,凱基-土城,finmind,,local,branch,N,official,"BR01,SE02,ID01"
921M,凱基,八德,桃園市,凱基-八德,finmind,,local,branch,N,official,"BR01,SE02,ID01"
921S,凱基,新莊,新北市,凱基-新莊,finmind,,local,branch,N,official,"BR01,SE02,ID01"
921Y,凱基,東勢,台中市,凱基-東勢,finmind,,local,branch,N,official,"BR01,SE02,ID01"
9223,凱基,豐中,台中市,凱基-豐中,finmind,,local,branch,N,official,"BR01,SE02,ID01"
9225,凱基,內埔,屏東縣,凱基-內埔,finmind,,local,branch,N,official,"BR01,SE02,ID01"
9226,凱基,汐止,新北市,凱基-汐止,finmind,,local,branch,N,official,"BR01,SE02,ID01"
9227,凱基,城中,台北市,凱基-城中,finmind,,local,branch,N,official,"BR01,SE02,ID01"
9229,凱基,中山,台北市,凱基-中山,finmind,,local,branch,N,official,"BR01,SE02,ID01"
922C,凱基,屏東,屏東縣,凱基-屏東,finmind,,local,branch,N,official,"BR01,SE02,ID01"
922H,凱基,復興,台北市,凱基-復興,finmind,,local,branch,N,official,"BR01,SE02,ID01"
9231,凱基,員林,彰化縣,凱基-員林,finmind,,local,branch,N,official,"BR01,SE02,ID01"
9233,凱基,長庚,桃園市,凱基-長庚,finmind,,local,branch,N,official,"BR01,SE02,ID01"
9234,凱基,竹北,新竹縣,凱基-竹北,finmind,,local,branch,N,official,"BR01,SE02,ID01"
9235,凱基,永華,台南市,凱基-永華,finmind,,local,branch,N,official,"BR01,SE02,ID01"
9236,凱基,虎尾,雲林縣,凱基-虎尾,finmind,,local,branch,N,official,"BR01,SE02,ID01"
9237,凱基,敦北,台北市,凱基-敦北,finmind,,local,branch,N,official,"BR01,SE02,ID01"
9238,凱基,士林,台北市,凱基-士林,finmind,,local,branch,N,official,"BR01,SE02,ID01"
9239,凱基,市政,台中市,凱基-市政,finmind,,local,branch,N,official,"BR01,SE02,ID01"
9252,凱基,嘉義,嘉義市,凱基-嘉義,finmind,,local,branch,N,official,"BR01,SE02,ID01"
9254,凱基,科園,新竹市,凱基-科園,finmind,,local,branch,N,official,"BR01,SE02,ID01"
9255,凱基,和平,台北市,凱基-和平,finmind,,local,branch,N,official,"BR01,SE02,ID01"
9256,凱基,南崁,桃園市,凱基-南崁,finmind,,local,branch,N,official,"BR01,SE02,ID01"
9257,凱基,林口,新北市,凱基-林口,finmind,,local,branch,N,official,"BR01,SE02,ID01"
9258,凱基,羅東,宜蘭縣,凱基-羅東,finmind,,local,branch,N,official,"BR01,SE02,ID01"
9266,凱基,新豐,新竹縣,凱基-新豐,finmind,,local,branch,N,official,"BR01,SE02,ID01"
9268,凱基,台北,台北市,凱基-台北,finmind,,local,branch,N,official,"BR01,SE02,ID01"
9272,凱基,竹科,新竹市,凱基-竹科,finmind,,local,branch,N,official,"BR01,SE02,ID01"
9273,凱基,竹東,新竹縣,凱基-竹東,finmind,,local,branch,N,official,"BR01,SE02,ID01"
9274,凱基,鳳山,高雄市,凱基-鳳山,finmind,,local,branch,N,official,"BR01,SE02,ID01"
9275,凱基,三多,高雄市,凱基-三多,finmind,,local,branch,N,official,"BR01,SE02,ID01"
9276,凱基,苗栗,苗栗市,凱基-苗栗,finmind,,local,branch,N,official,"BR01,SE02,ID01"
9278,凱基,永康,台南市,凱基-永康,finmind,,local,branch,N,official,"BR01,SE02,ID01"
9281,凱基,斗六,雲林縣,凱基-斗六,finmind,,local,branch,N,official,"BR01,SE02,ID01"
9283,凱基,北門,台南市,凱基-北門,finmind,,local,branch,N,official,"BR01,SE02,ID01"
9285,凱基,中壢,桃園市,凱基-中壢,finmind,,local,branch,N,official,"BR01,SE02,ID01"
9287,凱基,內湖,台北市,凱基-內湖,finmind,,local,branch,N,official,"BR01,SE02,ID01"
9288,凱基,埔墘,新北市,凱基-埔墘,finmind,,local,branch,N,official,"BR01,SE02,ID01"
9289,凱基,興隆,台北市,凱基-興隆,finmind,,local,branch,N,official,"BR01,SE02,ID01"
9291,凱基,大安,台北市,凱基-大安,finmind,,local,branch,N,official,"BR01,SE02,ID01"
9296,凱基,頭份,苗栗縣,凱基-頭份,finmind,,local,branch,N,official,"BR01,SE02,ID01"
9297,凱基,文心,台中市,凱基-文心,finmind,,local,branch,N,official,"BR01,SE02,ID01"
9299,凱基,國際證券,台北市,凱基-國際證券,finmind,,local,branch,N,official,"BR01,SE02,ID01"
9300,華南永昌,總部,台北市,華南永昌,finmind,,local,hq,N,official,"BR01,SE01,ID01"
9302,華南永昌,台中,台中市,華南永昌-台中,finmind,,local,branch,N,official,"BR01,SE02,ID01"
9303,華南永昌,高雄,高雄市,華南永昌-高雄,finmind,,local,branch,N,official,"BR01,SE02,ID01"
9305,華南永昌,新莊,新北市,華南永昌-新莊,finmind,,local,branch,N,official,"BR01,SE02,ID01"
9306,華南永昌,台南,台南市,華南永昌-台南,finmind,,local,branch,N,official,"BR01,SE02,ID01"
9307,華南永昌,大安,台北市,華南永昌-大安,finmind,,local,branch,N,official,"BR01,SE02,ID01"
9308,華南永昌,麻豆,台南市,華南永昌-麻豆,finmind,,local,branch,N,official,"BR01,SE02,ID01"
9309,華南永昌,古亭,台北市,華南永昌-古亭,finmind,,local,branch,N,official,"BR01,SE02,ID01"
930T,華南永昌證券,總部,台北市,華南永昌證券,finmind,,local,hq,N,official,"BR01,SE01,ID01"
9312,華南永昌,民權,高雄市,華南永昌-民權,finmind,,local,branch,N,official,"BR01,SE02,ID01"
9314,華南永昌,嘉義,嘉義市,華南永昌-嘉義,finmind,,local,branch,N,official,"BR01,SE02,ID01"
9315,華南永昌,大甲,台中市,華南永昌-大甲,finmind,,local,branch,N,official,"BR01,SE02,ID01"
9316,華南永昌,淡水,新北市,華南永昌-淡水,finmind,,local,branch,N,official,"BR01,SE02,ID01"
9317,華南永昌,林口,新北市,華南永昌-林口,finmind,,local,branch,N,official,"BR01,SE02,ID01"
9319,華南永昌,鶯歌,新北市,華南永昌-鶯歌,finmind,,local,branch,N,official,"BR01,SE02,ID01"
9322,華南永昌,基隆,基隆市,華南永昌-基隆,finmind,,local,branch,N,official,"BR01,SE02,ID01"
9323,華南永昌,小港,高雄市,華南永昌-小港,finmind,,local,branch,N,official,"BR01,SE02,ID01"
9324,華南永昌,岡山,高雄市,華南永昌-岡山,finmind,,local,branch,N,official,"BR01,SE02,ID01"
9325,華南永昌,忠孝,台北市,華南永昌-忠孝,finmind,,local,branch,N,official,"BR01,SE02,ID01"
9326,華南永昌,南京,台北市,華南永昌-南京,finmind,,local,branch,N,official,"BR01,SE02,ID01"
9327,華南永昌,斗六,雲林縣,華南永昌-斗六,finmind,,local,branch,N,official,"BR01,SE02,ID01"
9328,華南永昌,潮州,屏東縣,華南永昌-潮州,finmind,,local,branch,N,official,"BR01,SE02,ID01"
9329,華南永昌,朴子,嘉義縣,華南永昌-朴子,finmind,,local,branch,N,official,"BR01,SE02,ID01"
9331,華南永昌,鳳山,高雄市,華南永昌-鳳山,finmind,,local,branch,N,official,"BR01,SE02,ID01"
9332,華南永昌,楠梓,高雄市,華南永昌-楠梓,finmind,,local,branch,N,official,"BR01,SE02,ID01"
9333,華南永昌,長虹,宜蘭縣,華南永昌-長虹,finmind,,local,branch,N,official,"BR01,SE02,ID01"
9334,華南永昌,世貿,台北市,華南永昌-世貿,finmind,,local,branch,N,official,"BR01,SE02,ID01"
9337,華南永昌,內壢,桃園市,華南永昌-內壢,finmind,,local,branch,N,official,"BR01,SE02,ID01"
9339,華南永昌,竹北,新竹縣,華南永昌-竹北,finmind,,local,branch,N,official,"BR01,SE02,ID01"
9343,華南永昌,頭份,苗栗縣,華南永昌-頭份,finmind,,local,branch,N,official,"BR01,SE02,ID01"
9347,華南永昌,敦南,台北市,華南永昌-敦南,finmind,,local,branch,N,official,"BR01,SE02,ID01"
9349,華南永昌,板橋,新北市,華南永昌-板橋,finmind,,local,branch,N,official,"BR01,SE02,ID01"
9352,華南永昌,桃園,桃園市,華南永昌-桃園,finmind,,local,branch,N,official,"BR01,SE02,ID01"
9358,華南永昌,東勢,台中市,華南永昌-東勢,finmind,,local,branch,N,official,"BR01,SE02,ID01"
9359,華南永昌,中正,台北市,華南永昌-中正,finmind,,local,branch,N,official,"BR01,SE02,ID01"
9362,華南永昌,苗栗,苗栗縣,華南永昌-苗栗,finmind,,local,branch,N,official,"BR01,SE02,ID01"
9363,華南永昌,彰化,彰化縣,華南永昌-彰化,finmind,,local,branch,N,official,"BR01,SE02,ID01"
9366,華南永昌,豐原,台中市,華南永昌-豐原,finmind,,local,branch,N,official,"BR01,SE02,ID01"
9369,華南永昌,三重,新北市,華南永昌-三重,finmind,,local,branch,N,official,"BR01,SE02,ID01"
9377,華南永昌,虎尾,雲林縣,華南永昌-虎尾,finmind,,local,branch,N,official,"BR01,SE02,ID01"
9386,華南永昌,東昇,台東市,華南永昌-東昇,finmind,,local,branch,N,official,"BR01,SE02,ID01"
9399,華南永昌,國際證券,台北市,華南永昌-國際證券,finmind,,local,branch,N,official,"BR01,SE02,ID01"
9600,富邦,總部,台北市,富邦,finmind,,local,hq,N,official,"BR01,SE01,ID01"
9604,富邦,陽明,台北市,富邦-陽明,finmind,,local,branch,N,official,"BR01,SE02,ID01"
9608,富邦,台東,台東市,富邦-台東,finmind,,local,branch,N,official,"BR01,SE02,ID01"
960S,富邦,國際證券,台北市,富邦-國際證券,finmind,,local,branch,N,official,"BR01,SE02,ID01"
960T,富邦自營,總部,台北市,富邦自營,finmind,,local,hq,Y,official,"BR01,SE01,SE04,ID01"
9614,富邦,基隆,基隆市,富邦-基隆,finmind,,local,branch,N,official,"BR01,SE02,ID01"
9616,富邦,岡山,高雄市,富邦-岡山,finmind,,local,branch,N,official,"BR01,SE02,ID01"
961C,富邦,南京,北市,富邦-南京,finmind,,local,branch,N,official,"BR01,SE02,ID01"
961D,富邦,忠孝,台北市,富邦-忠孝,finmind,,local,branch,N,official,"BR01,SE02,ID01"
961E,富邦,府城,台南市,富邦-府城,finmind,,local,branch,N,official,"BR01,SE02,ID01"
961F,富邦,公益,台中市,富邦-公益,finmind,,local,branch,N,official,"BR01,SE02,ID01"
961G,富邦,成功,台北市,富邦-成功,finmind,,local,branch,N,official,"BR01,SE02,ID01"
961H,富邦,新板,新北市,富邦-新板,finmind,,local,branch,N,official,"BR01,SE02,ID01"
961J,富邦,興業,嘉義市,富邦-興業,finmind,,local,branch,N,official,"BR01,SE02,ID01"
961K,富邦,七賢,高雄市,富邦-七賢,finmind,,local,branch,N,official,"BR01,SE02,ID01"
961L,富邦,士林,台北市,富邦-士林,finmind,,local,branch,N,official,"BR01,SE02,ID01"
961M,富邦,木柵,台北市,富邦-木柵,finmind,,local,branch,N,official,"BR01,SE02,ID01"
961N,富邦,青埔,桃園市,富邦-青埔,finmind,,local,branch,N,official,"BR01,SE02,ID01"
961P,富邦,和美,彰化縣,富邦-和美,finmind,,local,branch,N,official,"BR01,SE02,ID01"
961Q,富邦,重新,新北市,富邦-重新,finmind,,local,branch,N,official,"BR01,SE02,ID01"
961R,富邦,南員林,彰化縣,富邦-南員林,finmind,,local,branch,N,official,"BR01,SE02,ID01"
961S,富邦,景美,台北市,富邦-景美,finmind,,local,branch,N,official,"BR01,SE02,ID01"
961V,富邦,板橋中山,新北市,富邦-板橋中山,finmind,,local,branch,N,official,"BR01,SE02,ID01"
961W,富邦,東花蓮,花蓮縣,富邦-東花蓮,finmind,,local,branch,N,official,"BR01,SE02,ID01"
961X,富邦,大墩,台中市,富邦-大墩,finmind,,local,branch,N,official,"BR01,SE02,ID01"
961Y,富邦,屏東,屏東市,富邦-屏東,finmind,,local,branch,N,official,"BR01,SE02,ID01"
961Z,富邦,永康,台南市,富邦-永康,finmind,,local,branch,N,official,"BR01,SE02,ID01"
9621,富邦,花蓮,花蓮縣,富邦-花蓮,finmind,,local,branch,N,official,"BR01,SE02,ID01"
9623,富邦,台北,台北市,富邦-台北,finmind,,local,branch,N,official,"BR01,SE02,ID01"
9624,富邦,竹北,新竹縣,富邦-竹北,finmind,,local,branch,N,official,"BR01,SE02,ID01"
9625,富邦,竹東,新竹縣,富邦-竹東,finmind,,local,branch,N,official,"BR01,SE02,ID01"
9627,富邦,內湖,台北市,富邦-內湖,finmind,,local,branch,N,official,"BR01,SE02,ID01"
962A,富邦,南港,台北市,富邦-南港,finmind,,local,branch,N,official,"BR01,SE02,ID01"
962B,富邦,二林,彰化縣,富邦-二林,finmind,,local,branch,N,official,"BR01,SE02,ID01"
962C,富邦,竹科,新竹市,富邦-竹科,finmind,,local,branch,N,official,"BR01,SE02,ID01"
962D,富邦,新莊,新北市,富邦-新莊,finmind,,local,branch,N,official,"BR01,SE02,ID01"
962E,富邦,樹林,新北市,富邦-樹林,finmind,,local,branch,N,official,"BR01,SE02,ID01"
962F,富邦,北桃園,桃園市,富邦-北桃園,finmind,,local,branch,N,official,"BR01,SE02,ID01"
962G,富邦,斗六,雲林縣,富邦-斗六,finmind,,local,branch,N,official,"BR01,SE02,ID01"
962H,富邦,鳳山,高雄市,富邦-鳳山,finmind,,local,branch,N,official,"BR01,SE02,ID01"
962J,富邦,三峽,新北市,富邦-三峽,finmind,,local,branch,N,official,"BR01,SE02,ID01"
962K,富邦,中和,新北市,富邦-中和,finmind,,local,branch,N,official,"BR01,SE02,ID01"
962L,富邦,雙和,新北市,富邦-雙和,finmind,,local,branch,N,official,"BR01,SE02,ID01"
962P,富邦,頭份,苗栗縣,富邦-頭份,finmind,,local,branch,N,official,"BR01,SE02,ID01"
962Q,富邦,北高雄,高雄市,富邦-北高雄,finmind,,local,branch,N,official,"BR01,SE02,ID01"
962R,富邦,園區,新竹市,富邦-園區,finmind,,local,branch,N,official,"BR01,SE02,ID01"
962U,富邦,縣政,新竹縣,富邦-縣政,finmind,,local,branch,N,official,"BR01,SE02,ID01"
962V,富邦,復興,台北市,富邦-復興,finmind,,local,branch,N,official,"BR01,SE02,ID01"
962W,富邦,龍潭,桃園市,富邦-龍潭,finmind,,local,branch,N,official,"BR01,SE02,ID01"
962X,富邦,文化,新北市,富邦-文化,finmind,,local,branch,N,official,"BR01,SE02,ID01"
962Y,富邦,土城,新北市,富邦-土城,finmind,,local,branch,N,official,"BR01,SE02,ID01"
9634,富邦,羅東,宜蘭縣,富邦-羅東,finmind,,local,branch,N,official,"BR01,SE02,ID01"
9636,富邦,中壢,桃園市,富邦-中壢,finmind,,local,branch,N,official,"BR01,SE02,ID01"
963A,富邦,八德,桃園市,富邦-八德,finmind,,local,branch,N,official,"BR01,SE02,ID01"
963B,富邦,北宜蘭,宜蘭縣,富邦-北宜蘭,finmind,,local,branch,N,official,"BR01,SE02,ID01"
963L,富邦,豐原,台中市,富邦-豐原,finmind,,local,branch,N,official,"BR01,SE02,ID01"
9647,富邦,新竹,新竹市,富邦-新竹,finmind,,local,branch,N,official,"BR01,SE02,ID01"
9654,富邦,永和,新北市,富邦-永和,finmind,,local,branch,N,official,"BR01,SE02,ID01"
9655,富邦,板橋,新北市,富邦-板橋,finmind,,local,branch,N,official,"BR01,SE02,ID01"
9657,富邦,苗栗,苗栗縣,富邦-苗栗,finmind,,local,branch,N,official,"BR01,SE02,ID01"
9658,富邦,建國,台北市,富邦-建國,finmind,,local,branch,N,official,"BR01,SE02,ID01"
9659,富邦,高雄,高雄市,富邦-高雄,finmind,,local,branch,N,official,"BR01,SE02,ID01"
965K,富邦,台中,台中市,富邦-台中,finmind,,local,branch,N,official,"BR01,SE02,ID01"
965U,富邦,彰化,彰化市,富邦-彰化,finmind,,local,branch,N,official,"BR01,SE02,ID01"
9661,富邦,新店,新北市,富邦-新店,finmind,,local,branch,N,official,"BR01,SE02,ID01"
9663,富邦,敦南,台北市,富邦-敦南,finmind,,local,branch,N,official,"BR01,SE02,ID01"
9665,富邦,桃園,桃園市,富邦-桃園,finmind,,local,branch,N,official,"BR01,SE02,ID01"
9666,富邦,南屯,台中市,富邦-南屯,finmind,,local,branch,N,official,"BR01,SE02,ID01"
9667,富邦,台南,台南市,富邦-台南,finmind,,local,branch,N,official,"BR01,SE02,ID01"
966F,富邦,左營,高雄市,富邦-左營,finmind,,local,branch,N,official,"BR01,SE02,ID01"
9672,富邦,員林,彰化縣,富邦-員林,finmind,,local,branch,N,official,"BR01,SE02,ID01"
9676,富邦,仁愛,台北市,富邦-仁愛,finmind,,local,branch,N,official,"BR01,SE02,ID01"
9677,富邦,三重,新北市,富邦-三重,finmind,,local,branch,N,official,"BR01,SE02,ID01"
9686,富邦,宜蘭,宜蘭縣,富邦-宜蘭,finmind,,local,branch,N,official,"BR01,SE02,ID01"
9692,富邦,嘉義,嘉義市,富邦-嘉義,finmind,,local,branch,N,official,"BR01,SE02,ID01"
9693,富邦,新營,台南縣,富邦-新營,finmind,,local,branch,N,official,"BR01,SE02,ID01"
9697,富邦,虎尾,雲林縣,富邦-虎尾,finmind,,local,branch,N,official,"BR01,SE02,ID01"
9699,富邦經紀,總部,台北市,富邦經紀,finmind,,local,hq,N,official,"BR01,SE01,ID01"
969C,富邦,北港,雲林縣,富邦-北港,finmind,,local,branch,N,official,"BR01,SE02,ID01"
9800,元大,總部,台北市,元大,finmind,,local,hq,N,official,"BR01,SE01,ID01"
9801,元大,松江,台北市,元大-松江,finmind,,local,branch,N,official,"BR01,SE02,ID01"
980C,元大,斗六,雲林縣,元大-斗六,finmind,,local,branch,N,official,"BR01,SE02,ID01"
980D,元大,北府,台南市,元大-北府,finmind,,local,branch,N,official,"BR01,SE02,ID01"
980K,元大,竹科,新竹市,元大-竹科,finmind,,local,branch,N,official,"BR01,SE02,ID01"
980Q,元大,南崁,桃園市,元大-南崁,finmind,,local,branch,N,official,"BR01,SE02,ID01"
980R,元大,南海,台北市,元大-南海,finmind,,local,branch,N,official,"BR01,SE02,ID01"
980T,元大自營,總部,台北市,元大自營,finmind,,local,hq,Y,official,"BR01,SE01,SE04,ID01"
980a,元大,中山北路,台北市,元大-中山北路,finmind,,local,branch,N,official,"BR01,SE02,ID01"
980d,元大,沙鹿,台中市,元大-沙鹿,finmind,,local,branch,N,official,"BR01,SE02,ID01"
980e,元大,清水,台中市,元大-清水,finmind,,local,branch,N,official,"BR01,SE02,ID01"
980h,元大,台北,台北市,元大-台北,finmind,,local,branch,N,official,"BR01,SE02,ID01"
980l,元大,虎尾,雲林縣,元大-虎尾,finmind,,local,branch,N,official,"BR01,SE02,ID01"
980u,元大,府城,台南市,元大-府城,finmind,,local,branch,N,official,"BR01,SE02,ID01"
980w,元大,西屯,台中市,元大-西屯,finmind,,local,branch,N,official,"BR01,SE02,ID01"
9812,元大,台中,台中市,元大-台中,finmind,,local,branch,N,official,"BR01,SE02,ID01"
9813,元大,八德,台北市,元大-八德,finmind,,local,branch,N,official,"BR01,SE02,ID01"
9814,元大,大益,台南市,元大-大益,finmind,,local,branch,N,official,"BR01,SE02,ID01"
9815,元大,大灣,台南市,元大-大灣,finmind,,local,branch,N,official,"BR01,SE02,ID01"
9816,元大,新竹,新竹市,元大-新竹,finmind,,local,branch,N,official,"BR01,SE02,ID01"
9817,元大,東泰,高雄市,元大-東泰,finmind,,local,branch,N,official,"BR01,SE02,ID01"
981A,元大,三峽,新北市,元大-三峽,finmind,,local,branch,N,official,"BR01,SE02,ID01"
981B,元大,竹北,新竹縣,元大-竹北,finmind,,local,branch,N,official,"BR01,SE02,ID01"
981C,元大,路竹,高雄市,元大-路竹,finmind,,local,branch,N,official,"BR01,SE02,ID01"
981D,元大,南投,南投縣,元大-南投,finmind,,local,branch,N,official,"BR01,SE02,ID01"
981E,元大,發財,新北市,元大-發財,finmind,,local,branch,N,official,"BR01,SE02,ID01"
981F,元大,福營,新北市,元大-福營,finmind,,local,branch,N,official,"BR01,SE02,ID01"
981G,元大,彰化,彰化縣,元大-彰化,finmind,,local,branch,N,official,"BR01,SE02,ID01"
981I,元大,天母,台北市,元大-天母,finmind,,local,branch,N,official,"BR01,SE02,ID01"
981K,元大,林園,高雄市,元大-林園,finmind,,local,branch,N,official,"BR01,SE02,ID01"
981L,元大,莒光,高雄市,元大-莒光,finmind,,local,branch,N,official,"BR01,SE02,ID01"
981M,元大,苗栗,苗栗縣,元大-苗栗,finmind,,local,branch,N,official,"BR01,SE02,ID01"
981N,元大,金門,金門縣,元大-金門,finmind,,local,branch,N,official,"BR01,SE02,ID01"
981Q,元大,太平,台中市,元大-太平,finmind,,local,branch,N,official,"BR01,SE02,ID01"
981R,元大,竹山,南投縣,元大-竹山,finmind,,local,branch,N,official,"BR01,SE02,ID01"
981S,元大,崇德,台中市,元大-崇德,finmind,,local,branch,N,official,"BR01,SE02,ID01"
981U,元大,華山,台北市,元大-華山,finmind,,local,branch,N,official,"BR01,SE02,ID01"
981V,元大,民雄,嘉義縣,元大-民雄,finmind,,local,branch,N,official,"BR01,SE02,ID01"
981X,元大,新生,台北市,元大-新生,finmind,,local,branch,N,official,"BR01,SE02,ID01"
981Z,元大,潮州,屏東縣,元大-潮州,finmind,,local,branch,N,official,"BR01,SE02,ID01"
981a,元大,歸仁,台南市,元大-歸仁,finmind,,local,branch,N,official,"BR01,SE02,ID01"
981e,元大,佳里,台南市,元大-佳里,finmind,,local,branch,N,official,"BR01,SE02,ID01"
981g,元大,大里,台中市,元大-大里,finmind,,local,branch,N,official,"BR01,SE02,ID01"
981h,元大,屏東民生,屏東縣,元大-屏東民生,finmind,,local,branch,N,official,"BR01,SE02,ID01"
981i,元大,西螺,雲林縣,元大-西螺,finmind,,local,branch,N,official,"BR01,SE02,ID01"
981j,元大,士林,台北市,元大-士林,finmind,,local,branch,N,official,"BR01,SE02,ID01"
981m,元大,高雄,高雄市,元大-高雄,finmind,,local,branch,N,official,"BR01,SE02,ID01"
981n,元大,旗山,高雄市,元大-旗山,finmind,,local,branch,N,official,"BR01,SE02,ID01"
981p,元大,松山,台北市,元大-松山,finmind,,local,branch,N,official,"BR01,SE02,ID01"
981q,元大,萬華,台北市,元大-萬華,finmind,,local,branch,N,official,"BR01,SE02,ID01"
981r,元大,屏南,屏東縣,元大-屏南,finmind,,local,branch,N,official,"BR01,SE02,ID01"
981y,元大,善化,台南市,元大-善化,finmind,,local,branch,N,official,"BR01,SE02,ID01"
981z,元大,大統,新竹市,元大-大統,finmind,,local,branch,N,official,"BR01,SE02,ID01"
9822,元大,土城學府,新北市,元大-土城學府,finmind,,local,branch,N,official,"BR01,SE02,ID01"
9824,元大,向上,台中市,元大-向上,finmind,,local,branch,N,official,"BR01,SE02,ID01"
9825,元大,新營,台南市,元大-新營,finmind,,local,branch,N,official,"BR01,SE02,ID01"
9829,元大,永康,台南市,元大-永康,finmind,,local,branch,N,official,"BR01,SE02,ID01"
982A,元大,羅東,宜蘭縣,元大-羅東,finmind,,local,branch,N,official,"BR01,SE02,ID01"
982B,元大,博愛,高雄市,元大-博愛,finmind,,local,branch,N,official,"BR01,SE02,ID01"
982C,元大,六合,高雄市,元大-六合,finmind,,local,branch,N,official,"BR01,SE02,ID01"
982F,元大,忠孝鼎富,台北市,元大-忠孝鼎富,finmind,,local,branch,N,official,"BR01,SE02,ID01"
9831,元大,四維,高雄市,元大-四維,finmind,,local,branch,N,official,"BR01,SE02,ID01"
9833,元大,敦化,台北市,元大-敦化,finmind,,local,branch,N,official,"BR01,SE02,ID01"
9834,元大,中壢,桃園市,元大-中壢,finmind,,local,branch,N,official,"BR01,SE02,ID01"
9835,元大,員林中山,彰化縣,元大-員林中山,finmind,,local,branch,N,official,"BR01,SE02,ID01"
9837,元大,北港,雲林縣,元大-北港,finmind,,local,branch,N,official,"BR01,SE02,ID01"
9838,元大,豐原,台中市,元大-豐原,finmind,,local,branch,N,official,"BR01,SE02,ID01"
983B,元大,林森,台南市,元大-林森,finmind,,local,branch,N,official,"BR01,SE02,ID01"
983G,元大,上新莊,新北市,元大-上新莊,finmind,,local,branch,N,official,"BR01,SE02,ID01"
983K,元大,學甲,台南市,元大-學甲,finmind,,local,branch,N,official,"BR01,SE02,ID01"
983M,元大,木柵,台北市,元大-木柵,finmind,,local,branch,N,official,"BR01,SE02,ID01"
983N,元大,大安,台北市,元大-大安,finmind,,local,branch,N,official,"BR01,SE02,ID01"
983U,元大,頭份,苗栗縣,元大-頭份,finmind,,local,branch,N,official,"BR01,SE02,ID01"
983V,元大,竹南,苗栗縣,元大-竹南,finmind,,local,branch,N,official,"BR01,SE02,ID01"
983W,元大,大里德芳,台中市,元大-大里德芳,finmind,,local,branch,N,official,"BR01,SE02,ID01"
983Z,元大,鳳山,高雄市,元大-鳳山,finmind,,local,branch,N,official,"BR01,SE02,ID01"
983f,元大,竹東,新竹縣,元大-竹東,finmind,,local,branch,N,official,"BR01,SE02,ID01"
983i,元大,大雅,台中市,元大-大雅,finmind,,local,branch,N,official,"BR01,SE02,ID01"
983j,元大,仁愛,台北市,元大-仁愛,finmind,,local,branch,N,official,"BR01,SE02,ID01"
9846,元大,大直,台北市,元大-大直,finmind,,local,branch,N,official,"BR01,SE02,ID01"
984C,元大,新店中正,新北市,元大-新店中正,finmind,,local,branch,N,official,"BR01,SE02,ID01"
984E,元大,南勢角,新北市,元大-南勢角,finmind,,local,branch,N,official,"BR01,SE02,ID01"
984H,元大,景美,台北市,元大-景美,finmind,,local,branch,N,official,"BR01,SE02,ID01"
984K,元大,館前,台北市,元大-館前,finmind,,local,branch,N,official,"BR01,SE02,ID01"
9852,元大,永春,台北市,元大-永春,finmind,,local,branch,N,official,"BR01,SE02,ID01"
9853,元大,南屯,台中市,元大-南屯,finmind,,local,branch,N,official,"BR01,SE02,ID01"
9854,元大,文心興安,台中市,元大-文心興安,finmind,,local,branch,N,official,"BR01,SE02,ID01"
9856,元大,花蓮,花蓮縣,元大-花蓮,finmind,,local,branch,N,official,"BR01,SE02,ID01"
9857,元大,蘆洲,新北市,元大-蘆洲,finmind,,local,branch,N,official,"BR01,SE02,ID01"
9858,元大,龍潭,桃園市,元大-龍潭,finmind,,local,branch,N,official,"BR01,SE02,ID01"
9859,元大,新竹經國,新竹市,元大-新竹經國,finmind,,local,branch,N,official,"BR01,SE02,ID01"
985C,元大,鳳中,高雄市,元大-鳳中,finmind,,local,branch,N,official,"BR01,SE02,ID01"
985F,元大,岡山,高雄市,元大-岡山,finmind,,local,branch,N,official,"BR01,SE02,ID01"
9862,元大,南京,台北市,元大-南京,finmind,,local,branch,N,official,"BR01,SE02,ID01"
9863,元大,和平,台北市,元大-和平,finmind,,local,branch,N,official,"BR01,SE02,ID01"
9867,元大,內湖民權,台北市,元大-內湖民權,finmind,,local,branch,N,official,"BR01,SE02,ID01"
9868,元大,文心,台中市,元大-文心,finmind,,local,branch,N,official,"BR01,SE02,ID01"
9869,元大,新盛,新北市,元大-新盛,finmind,,local,branch,N,official,"BR01,SE02,ID01"
986K,元大,基隆孝二,基隆市,元大-基隆孝二,finmind,,local,branch,N,official,"BR01,SE02,ID01"
9871,元大,忠孝,台北市,元大-忠孝,finmind,,local,branch,N,official,"BR01,SE02,ID01"
9872,元大,復北,台北市,元大-復北,finmind,,local,branch,N,official,"BR01,SE02,ID01"
9873,元大,西門,台北市,元大-西門,finmind,,local,branch,N,official,"BR01,SE02,ID01"
9874,元大,雙和,新北市,元大-雙和,finmind,,local,branch,N,official,"BR01,SE02,ID01"
9875,元大,土城永寧,新北市,元大-土城永寧,finmind,,local,branch,N,official,"BR01,SE02,ID01"
9878,元大,金華,台南市,元大-金華,finmind,,local,branch,N,official,"BR01,SE02,ID01"
9879,元大,板橋三民,新北市,元大-板橋三民,finmind,,local,branch,N,official,"BR01,SE02,ID01"
987A,元大,楊梅,桃園市,元大-楊梅,finmind,,local,branch,N,official,"BR01,SE02,ID01"
9884,元大,斗信,雲林縣,元大-斗信,finmind,,local,branch,N,official,"BR01,SE02,ID01"
9888,元大,鑫永和,新北市,元大-鑫永和,finmind,,local,branch,N,official,"BR01,SE02,ID01"
9889,元大,員林,彰化縣,元大-員林,finmind,,local,branch,N,official,"BR01,SE02,ID01"
988B,元大,桃園,桃園市,元大-桃園,finmind,,local,branch,N,official,"BR01,SE02,ID01"
988C,元大,三重,新北市,元大-三重,finmind,,local,branch,N,official,"BR01,SE02,ID01"
988V,元大,長庚,桃園市,元大-長庚,finmind,,local,branch,N,official,"BR01,SE02,ID01"
9891,元大,永和,新北市,元大-永和,finmind,,local,branch,N,official,"BR01,SE02,ID01"
9892,元大,屏東,屏東縣,元大-屏東,finmind,,local,branch,N,official,"BR01,SE02,ID01"
9893,元大,大天母,台北市,元大-大天母,finmind,,local,branch,N,official,"BR01,SE02,ID01"
9894,元大,桃興,桃園市,元大-桃興,finmind,,local,branch,N,official,"BR01,SE02,ID01"
9896,元大,台南,台南市,元大-台南,finmind,,local,branch,N,official,"BR01,SE02,ID01"
9897,元大,土城,新北市,元大-土城,finmind,,local,branch,N,official,"BR01,SE02,ID01"
9898,元大,新莊,新北市,元大-新莊,finmind,,local,branch,N,official,"BR01,SE02,ID01"
9899,元大,淡水,新北市,元大-淡水,finmind,,local,branch,N,official,"BR01,SE02,ID01"
989A,元大,北投,台北市,元大-北投,finmind,,local,branch,N,official,"BR01,SE02,ID01"
989B,元大,台中中港,台中市,元大-台中中港,finmind,,local,branch,N,official,"BR01,SE02,ID01"
989C,元大,板橋,新北市,元大-板橋,finmind,,local,branch,N,official,"BR01,SE02,ID01"
989D,元大,左營,高雄市,元大-左營,finmind,,local,branch,N,official,"BR01,SE02,ID01"
989E,元大,草屯,南投縣,元大-草屯,finmind,,local,branch,N,official,"BR01,SE02,ID01"
989F,元大,三民,高雄市,元大-三民,finmind,,local,branch,N,official,"BR01,SE02,ID01"
989G,元大,大同,台北市,元大-大同,finmind,,local,branch,N,official,"BR01,SE02,ID01"
989I,元大,蘆洲中正,新北市,元大-蘆洲中正,finmind,,local,branch,N,official,"BR01,SE02,ID01"
989J,元大,彰化民生,彰化縣,元大-彰化民生,finmind,,local,branch,N,official,"BR01,SE02,ID01"
989L,元大,成功,桃園市,元大-成功,finmind,,local,branch,N,official,"BR01,SE02,ID01"
989N,元大,內湖,台北市,元大-內湖,finmind,,local,branch,N,official,"BR01,SE02,ID01"
989P,元大,敦南,台北市,元大-敦南,finmind,,local,branch,N,official,"BR01,SE02,ID01"
989Q,元大,汐止,新北市,元大-汐止,finmind,,local,branch,N,official,"BR01,SE02,ID01"
989S,元大,鹿港,彰化縣,元大-鹿港,finmind,,local,branch,N,official,"BR01,SE02,ID01"
989U,元大,大甲,台中市,元大-大甲,finmind,,local,branch,N,official,"BR01,SE02,ID01"
989V,元大,北三重,新北市,元大-北三重,finmind,,local,branch,N,official,"BR01,SE02,ID01"
989W,元大,豐原站前,台中市,元大-豐原站前,finmind,,local,branch,N,official,"BR01,SE02,ID01"
989X,元大,民生三民,台北市,元大-民生三民,finmind,,local,branch,N,official,"BR01,SE02,ID01"
989Y,元大,基隆,基隆市,元大-基隆,finmind,,local,branch,N,official,"BR01,SE02,ID01"
989Z,元大,小港,高雄市,元大-小港,finmind,,local,branch,N,official,"BR01,SE02,ID01"
989a,元大,苑裡,苗栗縣,元大-苑裡,finmind,,local,branch,N,official,"BR01,SE02,ID01"
989d,元大,北屯,台中市,元大-北屯,finmind,,local,branch,N,official,"BR01,SE02,ID01"
989e,元大,中和,新北市,元大-中和,finmind,,local,branch,N,official,"BR01,SE02,ID01"
989f,元大,東港,屏東縣,元大-東港,finmind,,local,branch,N,official,"BR01,SE02,ID01"
989g,元大,嘉義,嘉義市,元大-嘉義,finmind,,local,branch,N,official,"BR01,SE02,ID01"
989j,元大,樹林,新北市,元大-樹林,finmind,,local,branch,N,official,"BR01,SE02,ID01"
989k,元大,古亭,台北市,元大-古亭,finmind,,local,branch,N,official,"BR01,SE02,ID01"
989m,元大,信義,台北市,元大-信義,finmind,,local,branch,N,official,"BR01,SE02,ID01"
989z,元大,國際證券,台北市,元大-國際證券,finmind,,local,branch,N,official,"BR01,SE02,ID01"
9A00,永豐金,總部,台北市,永豐金,finmind,,local,hq,N,official,"BR01,SE01,ID01"
9A0T,永豐金自營,總部,台北市,永豐金自營,finmind,,local,hq,Y,official,"BR01,SE01,SE04,ID01"
9A61,永豐金,鳳山,高雄市,永豐金-鳳山,finmind,,local,branch,N,official,"BR01,SE02,ID01"
9A69,永豐金,屏東,屏東縣,永豐金-屏東,finmind,,local,branch,N,official,"BR01,SE02,ID01"
9A79,永豐金,埔里,南投縣,永豐金-埔里,finmind,,local,branch,N,official,"BR01,SE02,ID01"
9A81,永豐金,匯立,台北市,永豐金-匯立,finmind,,local,branch,N,official,"BR01,SE02,ID01"
9A88,永豐金,國際證券,台北市,永豐金-國際證券,finmind,,local,branch,N,official,"BR01,SE02,ID01"
9A89,永豐金,敦北,台北市,永豐金-敦北,finmind,,local,branch,N,official,"BR01,SE02,ID01"
9A8F,永豐金,敦南,台北市,永豐金-敦南,finmind,,local,branch,N,official,"BR01,SE02,ID01"
9A91,永豐金,松山,台北市,永豐金-松山,finmind,,local,branch,N,official,"BR01,SE02,ID01"
9A92,永豐金,萬盛,台北市,永豐金-萬盛,finmind,,local,branch,N,official,"BR01,SE02,ID01"
9A96,永豐金,博愛,台北市,永豐金-博愛,finmind,,local,branch,N,official,"BR01,SE02,ID01"
9A97,永豐金,新竹,新竹市,永豐金-新竹,finmind,,local,branch,N,official,"BR01,SE02,ID01"
9A98,永豐金,大園,桃園市,永豐金-大園,finmind,,local,branch,N,official,"BR01,SE02,ID01"
9A99,永豐金,中壢,桃園市,永豐金-中壢,finmind,,local,branch,N,official,"BR01,SE02,ID01"
9A9A,永豐金,羅東,宜蘭縣,永豐金-羅東,finmind,,local,branch,N,official,"BR01,SE02,ID01"
9A9B,永豐金,中和,新北市,永豐金-中和,finmind,,local,branch,N,official,"BR01,SE02,ID01"
9A9C,永豐金,員林,彰化縣,永豐金-員林,finmind,,local,branch,N,official,"BR01,SE02,ID01"
9A9D,永豐金,忠孝,台北市,永豐金-忠孝,finmind,,local,branch,N,official,"BR01,SE02,ID01"
9A9E,永豐金,板橋,新北市,永豐金-板橋,finmind,,local,branch,N,official,"BR01,SE02,ID01"
9A9G,永豐金,天母,台北市,永豐金-天母,finmind,,local,branch,N,official,"BR01,SE02,ID01"
9A9H,永豐金,新莊,新北市,永豐金-新莊,finmind,,local,branch,N,official,"BR01,SE02,ID01"
9A9J,永豐金,板新,新北市,永豐金-板新,finmind,,local,branch,N,official,"BR01,SE02,ID01"
9A9K,永豐金,三重,新北市,永豐金-三重,finmind,,local,branch,N,official,"BR01,SE02,ID01"
9A9L,永豐金,台中,台中市,永豐金-台中,finmind,,local,branch,N,official,"BR01,SE02,ID01"
9A9M,永豐金,南投,南投縣,永豐金-南投,finmind,,local,branch,N,official,"BR01,SE02,ID01"
9A9N,永豐金,桃盛,桃園市,永豐金-桃盛,finmind,,local,branch,N,official,"BR01,SE02,ID01"
9A9P,永豐金,竹北,新竹縣,永豐金-竹北,finmind,,local,branch,N,official,"BR01,SE02,ID01"
9A9Q,永豐金,豐原,台中市,永豐金-豐原,finmind,,local,branch,N,official,"BR01,SE02,ID01"
9A9R,永豐金,信義,台北市,永豐金-信義,finmind,,local,branch,N,official,"BR01,SE02,ID01"
9A9S,永豐金,南京,台北市,永豐金-南京,finmind,,local,branch,N,official,"BR01,SE02,ID01"
9A9U,永豐金,中正,台北市,永豐金-中正,finmind,,local,branch,N,official,"BR01,SE02,ID01"
9A9W,永豐金,市政,台中市,永豐金-市政,finmind,,local,branch,N,official,"BR01,SE02,ID01"
9A9X,永豐金,竹科,新竹市,永豐金-竹科,finmind,,local,branch,N,official,"BR01,SE02,ID01"
9A9Y,永豐金,板盛,新北市,永豐金-板盛,finmind,,local,branch,N,official,"BR01,SE02,ID01"
9A9Z,永豐金,復興,台北市,永豐金-復興,finmind,,local,branch,N,official,"BR01,SE02,ID01"
9A9a,永豐金,苓雅,高雄市,永豐金-苓雅,finmind,,local,branch,N,official,"BR01,SE02,ID01"
9A9b,永豐金,虎尾,雲林縣,永豐金-虎尾,finmind,,local,branch,N,official,"BR01,SE02,ID01"
9A9c,永豐金,永康,台南市,永豐金-永康,finmind,,local,branch,N,official,"BR01,SE02,ID01"
9A9d,永豐金,古亭,台北市,永豐金-古亭,finmind,,local,branch,N,official,"BR01,SE02,ID01"
9A9e,永豐金,高雄,高雄市,永豐金-高雄,finmind,,local,branch,N,official,"BR01,SE02,ID01"
9A9f,永豐金,中盛,台中市,永豐金-中盛,finmind,,local,branch,N,official,"BR01,SE02,ID01"
9A9g,永豐金,內湖,台北市,永豐金-內湖,finmind,,local,branch,N,official,"BR01,SE02,ID01"
9A9h,永豐金,台南,台南市,永豐金-台南,finmind,,local,branch,N,official,"BR01,SE02,ID01"
9A9i,永豐金,新店,新北市,永豐金-新店,finmind,,local,branch,N,official,"BR01,SE02,ID01"
9A9j,永豐金,嘉義,嘉義市,永豐金-嘉義,finmind,,local,branch,N,official,"BR01,SE02,ID01"
9A9q,永豐金,潮州,屏東縣,永豐金-潮州,finmind,,local,branch,N,official,"BR01,SE02,ID01"
9A9r,永豐金,北高雄,高雄市,永豐金-北高雄,finmind,,local,branch,N,official,"BR01,SE02,ID01"
9A9s,永豐金,彰化,彰化市,永豐金-彰化,finmind,,local,branch,N,official,"BR01,SE02,ID01"
9A9x,永豐金,桃園,桃園市,永豐金-桃園,finmind,,local,branch,N,official,"BR01,SE02,ID01"
918F,群益金鼎,新店,台北市,群益金鼎-新店,finmind,,local,branch,N,official,"BR01,SE02,ID01"
,臺銀,總部,台北市,臺銀,wantgoo,from wantgoo broker dropdown,local,hq,N,platform,"BR01,SE01,ID02"
,台灣工銀,總部,台北市,台灣工銀,wantgoo,from wantgoo broker dropdown,local,hq,N,platform,"BR01,SE01,ID02"
,摩根士丹利,總部,台北市,摩根士丹利,wantgoo,from wantgoo broker dropdown,foreign,hq,N,platform,"BR02,SE01,ID02"
,港商德意志,總部,台北市,港商德意志,wantgoo,from wantgoo broker dropdown,foreign,hq,N,platform,"BR02,SE01,ID02"
,港商法興,總部,台北市,港商法興,wantgoo,from wantgoo broker dropdown,foreign,hq,N,platform,"BR02,SE01,ID02"
,花旗,總部,台北市,花旗,wantgoo,from wantgoo broker dropdown,foreign,hq,N,platform,"BR02,SE01,ID02"
,星洲瑞銀,總部,台北市,星洲瑞銀,wantgoo,from wantgoo broker dropdown,foreign,hq,N,platform,"BR02,SE01,ID02"
,港商聯昌,總部,台北市,港商聯昌,wantgoo,from wantgoo broker dropdown,foreign,hq,N,platform,"BR02,SE01,ID02"
,群益,總部,台北市,群益,wantgoo,from wantgoo broker dropdown,local,hq,N,platform,"BR01,SE01,ID02"
,大慶,總部,台北市,大慶,wantgoo,from wantgoo broker dropdown,local,hq,N,platform,"BR01,SE01,ID02"
,豐興,總部,台北市,豐興,wantgoo,from wantgoo broker dropdown,local,hq,N,platform,"BR01,SE01,ID02"
,光隆,總部,台北市,光隆,wantgoo,from wantgoo broker dropdown,local,hq,N,platform,"BR01,SE01,ID02"
,犇亞,總部,台北市,犇亞,wantgoo,from wantgoo broker dropdown,local,hq,N,platform,"BR01,SE01,ID02"
,大眾,總部,台北市,大眾,wantgoo,from wantgoo broker dropdown,local,hq,N,platform,"BR01,SE01,ID02"
,渣打商銀,總部,台北市,渣打商銀,wantgoo,from wantgoo broker dropdown,foreign,hq,N,platform,"BR02,SE01,ID02"
,信富,總部,台北市,信富,wantgoo,from wantgoo broker dropdown,local,hq,N,platform,"BR01,SE01,ID02"
,豐農,總部,台北市,豐農,wantgoo,from wantgoo broker dropdown,local,hq,N,platform,"BR01,SE01,ID02"
,台安,總部,台北市,台安,wantgoo,from wantgoo broker dropdown,local,hq,N,platform,"BR01,SE01,ID02"
,金港,總部,台北市,金港,wantgoo,from wantgoo broker dropdown,local,hq,N,platform,"BR01,SE01,ID02"
,金興,總部,台北市,金興,wantgoo,from wantgoo broker dropdown,local,hq,N,platform,"BR01,SE01,ID02"
,富星,總部,台北市,富星,wantgoo,from wantgoo broker dropdown,local,hq,N,platform,"BR01,SE01,ID02"
,豐德,總部,台北市,豐德,wantgoo,from wantgoo broker dropdown,local,hq,N,platform,"BR01,SE01,ID02"
,聯邦,總部,新北市,聯邦,wantgoo,from wantgoo broker dropdown,local,hq,N,platform,"BR01,SE01,ID02"
,萬通,總部,台北市,萬通,wantgoo,from wantgoo broker dropdown,local,hq,N,platform,"BR01,SE01,ID02"
,陽信台中,總部,台北市,陽信台中,wantgoo,from wantgoo broker dropdown,local,hq,N,platform,"BR01,SE01,ID02"
,大鼎,總部,台北市,大鼎,wantgoo,from wantgoo broker dropdown,local,hq,N,platform,"BR01,SE01,ID02"
,鑫豐,總部,台北市,鑫豐,wantgoo,from wantgoo broker dropdown,local,hq,N,platform,"BR01,SE01,ID02"
,大和,總部,台北市,大和,wantgoo,from wantgoo broker dropdown,local,hq,N,platform,"BR01,SE01,ID02"
,台灣巴克萊,總部,台北市,台灣巴克萊,wantgoo,from wantgoo broker dropdown,foreign,hq,N,platform,"BR02,SE01,ID02"
,上海匯豐,總部,台北市,上海匯豐,wantgoo,from wantgoo broker dropdown,foreign,hq,N,platform,"BR02,SE01,ID02"
,元大,所有分行,台北市,元大-所有分行,wantgoo,from wantgoo branch dropdown,local,aggregate,N,platform,"BR01,SE03,ID02"
,元大,寶來期貨,台北市,元大-寶來期貨,wantgoo,from wantgoo branch dropdown,local,branch,N,platform,"BR01,SE02,ID02"
,元大,期貨,台北市,元大-期貨,wantgoo,from wantgoo branch dropdown,local,branch,N,platform,"BR01,SE02,ID02"
,元大,北天母,台北市,元大-北天母,wantgoo,from wantgoo branch dropdown,local,branch,N,platform,"BR01,SE02,ID02"
,元大,中山北,台北市,元大-中山北,wantgoo,from wantgoo branch dropdown,local,branch,N,platform,"BR01,SE02,ID02"
,元大,復興,台北市,元大-復興,wantgoo,from wantgoo branch dropdown,local,branch,N,platform,"BR01,SE02,ID02"
,元大,自由,台北市,元大-自由,wantgoo,from wantgoo branch dropdown,local,branch,N,platform,"BR01,SE02,ID02"
,元大,自營,台北市,元大-自營,wantgoo,from wantgoo branch dropdown,local,branch,Y,platform,"BR01,SE02,SE04,ID02"
,元大,屏東民,屏東縣,元大-屏東民,wantgoo,from wantgoo branch dropdown,local,branch,N,platform,"BR01,SE02,ID02"
,元大,高福,台北市,元大-高福,wantgoo,from wantgoo branch dropdown,local,branch,N,platform,"BR01,SE02,ID02"
,元大,敦信,台北市,元大-敦信,wantgoo,from wantgoo branch dropdown,local,branch,N,platform,"BR01,SE02,ID02"
,元大,土城學,新北市,元大-土城學,wantgoo,from wantgoo branch dropdown,local,branch,N,platform,"BR01,SE02,ID02"
,元大,府中,新北市,元大-府中,wantgoo,from wantgoo branch dropdown,local,branch,N,platform,"BR01,SE02,ID02"
,元大,南永康,台南市,元大-南永康,wantgoo,from wantgoo branch dropdown,local,branch,N,platform,"BR01,SE02,ID02"
,元大,忠鼎,台北市,元大-忠鼎,wantgoo,from wantgoo branch dropdown,local,branch,N,platform,"BR01,SE02,ID02"
,元大,員林中,彰化縣,元大-員林中,wantgoo,from wantgoo branch dropdown,local,branch,N,platform,"BR01,SE02,ID02"
,元大,重慶,台北市,元大-重慶,wantgoo,from wantgoo branch dropdown,local,branch,N,platform,"BR01,SE02,ID02"
,元大,劍潭,台北市,元大-劍潭,wantgoo,from wantgoo branch dropdown,local,branch,N,platform,"BR01,SE02,ID02"
,元大,新竹東門,新竹市,元大-新竹東門,wantgoo,from wantgoo branch dropdown,local,branch,N,platform,"BR01,SE02,ID02"
,元大,德芳,台中市,元大-德芳,wantgoo,from wantgoo branch dropdown,local,branch,N,platform,"BR01,SE02,ID02"
,元大,東高雄,高雄市,元大-東高雄,wantgoo,from wantgoo branch dropdown,local,branch,N,platform,"BR01,SE02,ID02"
,元大,松南,台北市,元大-松南,wantgoo,from wantgoo branch dropdown,local,branch,N,platform,"BR01,SE02,ID02"
,元大,新店,台北市,元大-新店,wantgoo,from wantgoo branch dropdown,local,branch,N,platform,"BR01,SE02,ID02"
,元大,延平,台北市,元大-延平,wantgoo,from wantgoo branch dropdown,local,branch,N,platform,"BR01,SE02,ID02"
,元大,文心興,台北市,元大-文心興,wantgoo,from wantgoo branch dropdown,local,branch,N,platform,"BR01,SE02,ID02"
,元大,大嘉義,嘉義市,元大-大嘉義,wantgoo,from wantgoo branch dropdown,local,branch,N,platform,"BR01,SE02,ID02"
,元大,新竹經,新竹市,元大-新竹經,wantgoo,from wantgoo branch dropdown,local,branch,N,platform,"BR01,SE02,ID02"
,元大,長安,台北市,元大-長安,wantgoo,from wantgoo branch dropdown,local,branch,N,platform,"BR01,SE02,ID02"
,元大,長榮,台北市,元大-長榮,wantgoo,from wantgoo branch dropdown,local,branch,N,platform,"BR01,SE02,ID02"
,元大,樹板,台北市,元大-樹板,wantgoo,from wantgoo branch dropdown,local,branch,N,platform,"BR01,SE02,ID02"
,元大,內湖民,台北市,元大-內湖民,wantgoo,from wantgoo branch dropdown,local,branch,N,platform,"BR01,SE02,ID02"
,元大,高雄七賢,高雄市,元大-高雄七賢,wantgoo,from wantgoo branch dropdown,local,branch,N,platform,"BR01,SE02,ID02"
,元大,中山,台北市,元大-中山,wantgoo,from wantgoo branch dropdown,local,branch,N,platform,"BR01,SE02,ID02"
,元大,基隆孝,基隆市,元大-基隆孝,wantgoo,from wantgoo branch dropdown,local,branch,N,platform,"BR01,SE02,ID02"
,元大,土城永,新北市,元大-土城永,wantgoo,from wantgoo branch dropdown,local,branch,N,platform,"BR01,SE02,ID02"
,元大,高雄前金,高雄市,元大-高雄前金,wantgoo,from wantgoo branch dropdown,local,branch,N,platform,"BR01,SE02,ID02"
,元大,金天母,台北市,元大-金天母,wantgoo,from wantgoo branch dropdown,local,branch,N,platform,"BR01,SE02,ID02"
,元大,板橋三,新北市,元大-板橋三,wantgoo,from wantgoo branch dropdown,local,branch,N,platform,"BR01,SE02,ID02"
,元大,新壢,台北市,元大-新壢,wantgoo,from wantgoo branch dropdown,local,branch,N,platform,"BR01,SE02,ID02"
,元大,頭份中華,台北市,元大-頭份中華,wantgoo,from wantgoo branch dropdown,local,branch,N,platform,"BR01,SE02,ID02"
,元大,公館,台北市,元大-公館,wantgoo,from wantgoo branch dropdown,local,branch,N,platform,"BR01,SE02,ID02"
,元大,總公司,台北市,元大-總公司,wantgoo,from wantgoo branch dropdown,local,branch,N,platform,"BR01,SE02,ID02"
,元大,城中,台北市,元大-城中,wantgoo,from wantgoo branch dropdown,local,branch,N,platform,"BR01,SE02,ID02"
,元大,台中港,台中市,元大-台中港,wantgoo,from wantgoo branch dropdown,local,branch,N,platform,"BR01,SE02,ID02"
,元大,西湖,台北市,元大-西湖,wantgoo,from wantgoo branch dropdown,local,branch,N,platform,"BR01,SE02,ID02"
,元大,蘆洲中,台北市,元大-蘆洲中,wantgoo,from wantgoo branch dropdown,local,branch,N,platform,"BR01,SE02,ID02"
,元大,民生三,台北市,元大-民生三,wantgoo,from wantgoo branch dropdown,local,branch,N,platform,"BR01,SE02,ID02"
